sid,name,genesis_time,observation_time,hours_to_genesis,center_lat,center_lon,s3_key,local_path,valid_pixel_fraction,mean_bt_k,min_bt_k,cold_cloud_fraction,very_cold_fraction,radial_concentration,azimuthal_symmetry,largest_patch_fraction,patch_count,patch_density_per_10k_px,cold_centroid_offset_km,mean_cold_radius_km
2019195N13136,DANAS,2019-07-17T12:00:00+00:00,2019-07-14T12:00:00+00:00,-72,14.2,134.5,AHI-L1b-FLDK/2019/07/14/1200/HS_H08_20190714_1200_B13_FLDK_R20_S0101.DAT.bz2,/workspace/scratch/aa764eb01872/data/raw/himawari/2019/07/14/1200/HS_H08_20190714_1200_B13_FLDK_R20_S0101.DAT.bz2,1.0,244.75338745117188,188.53126525878906,0.34522091990804654,0.08720080554485321,0.1687311977148056,0.5822519924318398,0.6550826386455584,72,2.7401326680900135,56.75447779239498,361.5057373046875
2019195N13136,DANAS,2019-07-17T12:00:00+00:00,2019-07-14T15:00:00+00:00,-69,14.6,134.1,AHI-L1b-FLDK/2019/07/14/1500/HS_H08_20190714_1500_B13_FLDK_R20_S0101.DAT.bz2,/workspace/scratch/aa764eb01872/data/raw/himawari/2019/07/14/1500/HS_H08_20190714_1500_B13_FLDK_R20_S0101.DAT.bz2,1.0,246.273193359375,186.50863647460938,0.3636886297363847,0.11675317585468292,0.2294953167438507,0.5970269068806779,0.8174658876005073,65,2.484747473202954,63.298600215257295,333.4388122558594
2019195N13136,DANAS,2019-07-17T12:00:00+00:00,2019-07-14T18:00:00+00:00,-66,15.0,133.6,AHI-L1b-FLDK/2019/07/14/1800/HS_H08_20190714_1800_B13_FLDK_R20_S0101.DAT.bz2,/workspace/scratch/aa764eb01872/data/raw/himawari/2019/07/14/1800/HS_H08_20190714_1800_B13_FLDK_R20_S0101.DAT.bz2,1.0,248.1342315673828,185.0354461669922,0.35103019146663705,0.13952429592609406,0.24620161950588226,0.6035598143596573,0.843921488705431,92,3.5347500509080847,81.4635526092531,312.6234130859375
2019195N13136,DANAS,2019-07-17T12:00:00+00:00,2019-07-14T21:00:00+00:00,-63,15.3,133.2,AHI-L1b-FLDK/2019/07/14/2100/HS_H08_20190714_2100_B13_FLDK_R20_S0101.DAT.bz2,/workspace/scratch/aa764eb01872/data/raw/himawari/2019/07/14/2100/HS_H08_20190714_2100_B13_FLDK_R20_S0101.DAT.bz2,1.0,245.49281311035156,187.14358520507812,0.3987908574045866,0.15155354142189026,0.21704082190990448,0.44002336171856726,0.8627221307002978,80,3.086169716188117,94.882740160695,330.6059875488281
2019195N13136,DANAS,2019-07-17T12:00:00+00:00,2019-07-15T00:00:00+00:00,-60,15.6,132.7,AHI-L1b-FLDK/2019/07/15/0000/HS_H08_20190715_0000_B13_FLDK_R20_S0101.DAT.bz2,/workspace/scratch/aa764eb01872/data/raw/himawari/2019/07/15/0000/HS_H08_20190715_0000_B13_FLDK_R20_S0101.DAT.bz2,1.0,243.3666534423828,188.83230590820312,0.42766595872141033,0.14331766963005066,0.18214905261993408,0.6216467145645221,0.8806765779696676,80,3.1002704986010032,42.706156389138286,341.1759948730469
2019195N13136,DANAS,2019-07-17T12:00:00+00:00,2019-07-15T03:00:00+00:00,-57,16.0,132.2,AHI-L1b-FLDK/2019/07/15/0300/HS_H08_20190715_0300_B13_FLDK_R20_S0101.DAT.bz2,/workspace/scratch/aa764eb01872/data/raw/himawari/2019/07/15/0300/HS_H08_20190715_0300_B13_FLDK_R20_S0101.DAT.bz2,1.0,239.22862243652344,188.83230590820312,0.5077918920503803,0.1464499682188034,0.18280814588069916,0.6333573067119135,0.9428285084367236,75,2.9230421463703613,54.93371239046924,345.1687927246094
2019195N13136,DANAS,2019-07-17T12:00:00+00:00,2019-07-15T06:00:00+00:00,-54,16.4,131.6,AHI-L1b-FLDK/2019/07/15/0600/HS_H08_20190715_0600_B13_FLDK_R20_S0101.DAT.bz2,/workspace/scratch/aa764eb01872/data/raw/himawari/2019/07/15/0600/HS_H08_20190715_0600_B13_FLDK_R20_S0101.DAT.bz2,1.0,237.1363983154297,186.66848754882812,0.5292114609655191,0.14317478239536285,0.15375104546546936,0.626432574981344,0.9411043148598368,65,2.5491595617014267,67.4423586201434,369.2785949707031
2019195N13136,DANAS,2019-07-17T12:00:00+00:00,2019-07-15T09:00:00+00:00,-51,16.6,130.9,AHI-L1b-FLDK/2019/07/15/0900/HS_H08_20190715_0900_B13_FLDK_R20_S0101.DAT.bz2,/workspace/scratch/aa764eb01872/data/raw/himawari/2019/07/15/0900/HS_H08_20190715_0900_B13_FLDK_R20_S0101.DAT.bz2,1.0,236.8385467529297,184.69923400878906,0.514489987437658,0.12707921862602234,0.16413626074790955,0.6324140867621022,0.618080781722365,78,3.0754429820756877,85.85120490154665,371.3320617675781
2019195N13136,DANAS,2019-07-17T12:00:00+00:00,2019-07-15T12:00:00+00:00,-48,16.8,130.1,AHI-L1b-FLDK/2019/07/15/1200/HS_H08_20190715_1200_B13_FLDK_R20_S0101.DAT.bz2,/workspace/scratch/aa764eb01872/data/raw/himawari/2019/07/15/1200/HS_H08_20190715_1200_B13_FLDK_R20_S0101.DAT.bz2,1.0,240.22938537597656,184.18846130371094,0.4437836691311432,0.16049633920192719,0.18511711061000824,0.6468836442302227,0.6013414343114843,53,2.102982664280641,88.25537569652101,360.3103942871094
2019195N13136,DANAS,2019-07-17T12:00:00+00:00,2019-07-15T15:00:00+00:00,-45,16.9,129.0,AHI-L1b-FLDK/2019/07/15/1500/HS_H08_20190715_1500_B13_FLDK_R20_S0101.DAT.bz2,/workspace/scratch/aa764eb01872/data/raw/himawari/2019/07/15/1500/HS_H08_20190715_1500_B13_FLDK_R20_S0101.DAT.bz2,1.0,237.74217224121094,184.86773681640625,0.4977071078448186,0.20562946796417236,0.1685389131307602,0.7137152770399879,0.9314516143385684,58,2.318840579710145,72.95056755232413,354.949951171875
2019195N13136,DANAS,2019-07-17T12:00:00+00:00,2019-07-15T18:00:00+00:00,-42,16.9,127.8,AHI-L1b-FLDK/2019/07/15/1800/HS_H08_20190715_1800_B13_FLDK_R20_S0101.DAT.bz2,/workspace/scratch/aa764eb01872/data/raw/himawari/2019/07/15/1800/HS_H08_20190715_1800_B13_FLDK_R20_S0101.DAT.bz2,1.0,235.18910217285156,187.6123046875,0.5072628039900439,0.20951905846595764,0.1450745016336441,0.5659889430936949,0.9550370113670318,61,2.458577007871477,113.54117514377873,360.26715087890625
2019195N13136,DANAS,2019-07-17T12:00:00+00:00,2019-07-15T21:00:00+00:00,-39,16.9,127.0,AHI-L1b-FLDK/2019/07/15/2100/HS_H08_20190715_2100_B13_FLDK_R20_S0101.DAT.bz2,/workspace/scratch/aa764eb01872/data/raw/himawari/2019/07/15/2100/HS_H08_20190715_2100_B13_FLDK_R20_S0101.DAT.bz2,1.0,235.55450439453125,184.18846130371094,0.5269252870041906,0.2562520205974579,0.14377227425575256,0.503038736667883,0.9684705413716479,56,2.2699819212154133,117.71431503121408,362.8400573730469
2019195N13136,DANAS,2019-07-17T12:00:00+00:00,2019-07-16T00:00:00+00:00,-36,16.9,126.4,AHI-L1b-FLDK/2019/07/16/0000/HS_H08_20190716_0000_B13_FLDK_R20_S0101.DAT.bz2,/workspace/scratch/aa764eb01872/data/raw/himawari/2019/07/16/0000/HS_H08_20190716_0000_B13_FLDK_R20_S0101.DAT.bz2,1.0,235.2740020751953,181.50933837890625,0.5290251448465685,0.27104881405830383,0.14769983291625977,0.42605177036270303,0.9105709529424861,68,2.7691468177209106,130.45304684031882,361.0479736328125
2019195N13136,DANAS,2019-07-17T12:00:00+00:00,2019-07-16T03:00:00+00:00,-33,17.0,125.6,AHI-L1b-FLDK/2019/07/16/0300/HS_H08_20190716_0300_B13_FLDK_R20_S0101.DAT.bz2,/workspace/scratch/aa764eb01872/data/raw/himawari/2019/07/16/0300/HS_H08_20190716_0300_B13_FLDK_R20_S0101.DAT.bz2,1.0,232.36831665039062,183.8435516357422,0.5965064051787128,0.30098864436149597,0.14420194923877716,0.4516080027370335,0.9516566685677301,47,1.9281181156952918,147.78111111152228,379.02777099609375
2019195N13136,DANAS,2019-07-17T12:00:00+00:00,2019-07-16T06:00:00+00:00,-30,17.0,124.8,AHI-L1b-FLDK/2019/07/16/0600/HS_H08_20190716_0600_B13_FLDK_R20_S0101.DAT.bz2,/workspace/scratch/aa764eb01872/data/raw/himawari/2019/07/16/0600/HS_H08_20190716_0600_B13_FLDK_R20_S0101.DAT.bz2,1.0,230.8734588623047,182.60739135742188,0.6648911071901852,0.21855038404464722,0.13343386352062225,0.5615766700805882,0.9379562652609638,53,2.1891780256092526,112.56712039122624,385.28387451171875
2019195N13136,DANAS,2019-07-17T12:00:00+00:00,2019-07-16T09:00:00+00:00,-27,17.1,124.2,AHI-L1b-FLDK/2019/07/16/0900/HS_H08_20190716_0900_B13_FLDK_R20_S0101.DAT.bz2,/workspace/scratch/aa764eb01872/data/raw/himawari/2019/07/16/0900/HS_H08_20190716_0900_B13_FLDK_R20_S0101.DAT.bz2,1.0,233.81100463867188,184.5298309326172,0.5723980949855696,0.1638847142457962,0.10772204399108887,0.5438431832497277,0.8621115509238554,74,3.0755675253318704,108.82912016711532,395.12530517578125
2019195N13136,DANAS,2019-07-17T12:00:00+00:00,2019-07-16T12:00:00+00:00,-24,17.2,123.8,AHI-L1b-FLDK/2019/07/16/1200/HS_H08_20190716_1200_B13_FLDK_R20_S0101.DAT.bz2,/workspace/scratch/aa764eb01872/data/raw/himawari/2019/07/16/1200/HS_H08_20190716_1200_B13_FLDK_R20_S0101.DAT.bz2,1.0,242.62506103515625,184.69923400878906,0.3698901201929122,0.11676117032766342,0.09220878779888153,0.2121559715703486,0.6909141940820652,83,3.4653940737586164,149.7245278093993,396.7922668457031
2019195N13136,DANAS,2019-07-17T12:00:00+00:00,2019-07-16T15:00:00+00:00,-21,17.2,123.5,AHI-L1b-FLDK/2019/07/16/1500/HS_H08_20190716_1500_B13_FLDK_R20_S0101.DAT.bz2,/workspace/scratch/aa764eb01872/data/raw/himawari/2019/07/16/1500/HS_H08_20190716_1500_B13_FLDK_R20_S0101.DAT.bz2,1.0,245.1251220703125,181.69496154785156,0.35706473696112495,0.14594347774982452,0.062498945742845535,0.15021008103326594,0.7481449097927834,63,2.637727032933906,176.2371161315076,407.01971435546875
2019195N13136,DANAS,2019-07-17T12:00:00+00:00,2019-07-16T18:00:00+00:00,-18,17.3,123.3,AHI-L1b-FLDK/2019/07/16/1800/HS_H08_20190716_1800_B13_FLDK_R20_S0101.DAT.bz2,/workspace/scratch/aa764eb01872/data/raw/himawari/2019/07/16/1800/HS_H08_20190716_1800_B13_FLDK_R20_S0101.DAT.bz2,1.0,244.77932739257812,179.78866577148438,0.3555944014831131,0.15872280299663544,0.05832544341683388,0.29014675703892256,0.5324224437422572,36,1.5116459725132374,158.2150124423172,436.74444580078125
2019195N13136,DANAS,2019-07-17T12:00:00+00:00,2019-07-16T21:00:00+00:00,-15,17.7,123.3,AHI-L1b-FLDK/2019/07/16/2100/HS_H08_20190716_2100_B13_FLDK_R20_S0101.DAT.bz2,/workspace/scratch/aa764eb01872/data/raw/himawari/2019/07/16/2100/HS_H08_20190716_2100_B13_FLDK_R20_S0101.DAT.bz2,1.0,244.93731689453125,181.13487243652344,0.39776467445903624,0.1503935009241104,0.05249554663896561,0.3398537298226104,0.7730868738444431,40,1.6856655218188332,131.8591529556125,420.46002197265625
2019195N13136,DANAS,2019-07-17T12:00:00+00:00,2019-07-17T00:00:00+00:00,-12,18.1,123.5,AHI-L1b-FLDK/2019/07/17/0000/HS_H08_20190717_0000_B13_FLDK_R20_S0101.DAT.bz2,/workspace/scratch/aa764eb01872/data/raw/himawari/2019/07/17/0000/HS_H08_20190717_0000_B13_FLDK_R20_S0101.DAT.bz2,1.0,244.89303588867188,180.75599670410156,0.3828160499464388,0.16324478387832642,0.054729148745536804,0.40495136573067503,0.6086005153017757,61,2.57554582571577,85.4480588087006,426.7015686035156
2019195N13136,DANAS,2019-07-17T12:00:00+00:00,2019-07-17T03:00:00+00:00,-9,18.5,123.6,AHI-L1b-FLDK/2019/07/17/0300/HS_H08_20190717_0300_B13_FLDK_R20_S0101.DAT.bz2,/workspace/scratch/aa764eb01872/data/raw/himawari/2019/07/17/0300/HS_H08_20190717_0300_B13_FLDK_R20_S0101.DAT.bz2,1.0,243.84689331054688,183.31942749023438,0.40194867768325,0.17785239219665527,0.04432200267910957,0.31590040970100486,0.5528629232100655,73,3.0916090342745095,29.22937553551897,423.2253723144531
2019195N13136,DANAS,2019-07-17T12:00:00+00:00,2019-07-17T06:00:00+00:00,-6,19.0,123.7,AHI-L1b-FLDK/2019/07/17/0600/HS_H08_20190717_0600_B13_FLDK_R20_S0101.DAT.bz2,/workspace/scratch/aa764eb01872/data/raw/himawari/2019/07/17/0600/HS_H08_20190717_0600_B13_FLDK_R20_S0101.DAT.bz2,1.0,243.37330627441406,183.66978454589844,0.442801372418621,0.14249305427074432,0.03080829046666622,0.34452465567917134,0.46654454494796777,59,2.5088234043457924,53.67265371023324,434.0369873046875
2019195N13136,DANAS,2019-07-17T12:00:00+00:00,2019-07-17T09:00:00+00:00,-3,19.7,123.9,AHI-L1b-FLDK/2019/07/17/0900/HS_H08_20190717_0900_B13_FLDK_R20_S0101.DAT.bz2,/workspace/scratch/aa764eb01872/data/raw/himawari/2019/07/17/0900/HS_H08_20190717_0900_B13_FLDK_R20_S0101.DAT.bz2,1.0,241.83787536621094,184.18846130371094,0.4733956012129885,0.18956398963928223,0.07873557507991791,0.3554575893026193,0.49862530722926335,27,1.1542654383002373,97.80766028870127,403.5540771484375
2019231N13135,BAILU,2019-08-22T00:00:00+00:00,2019-08-19T00:00:00+00:00,-72,12.6,135.1,AHI-L1b-FLDK/2019/08/19/0000/HS_H08_20190819_0000_B13_FLDK_R20_S0101.DAT.bz2,/workspace/scratch/aa764eb01872/data/raw/himawari/2019/08/19/0000/HS_H08_20190819_0000_B13_FLDK_R20_S0101.DAT.bz2,1.0,262.4368896484375,197.47402954101562,0.1779490812214952,0.016834260895848274,0.004688385408371687,0.5951377328707377,0.13701422538792904,122,4.580989643959477,86.81477032189402,452.9645690917969
2019231N13135,BAILU,2019-08-22T00:00:00+00:00,2019-08-19T03:00:00+00:00,-69,12.7,134.9,AHI-L1b-FLDK/2019/08/19/0300/HS_H08_20190819_0300_B13_FLDK_R20_S0101.DAT.bz2,/workspace/scratch/aa764eb01872/data/raw/himawari/2019/08/19/0300/HS_H08_20190819_0300_B13_FLDK_R20_S0101.DAT.bz2,1.0,259.4284362792969,193.20323181152344,0.20250972884608892,0.02422885037958622,0.04569712653756142,0.374421132974294,0.320346401422675,117,4.399405892195754,72.91734856934086,419.7557678222656
2019231N13135,BAILU,2019-08-22T00:00:00+00:00,2019-08-19T06:00:00+00:00,-66,12.8,134.7,AHI-L1b-FLDK/2019/08/19/0600/HS_H08_20190819_0600_B13_FLDK_R20_S0101.DAT.bz2,/workspace/scratch/aa764eb01872/data/raw/himawari/2019/08/19/0600/HS_H08_20190819_0600_B13_FLDK_R20_S0101.DAT.bz2,1.0,257.92205810546875,193.99246215820312,0.2083248655325308,0.026855014264583588,0.07411812245845795,0.11417130098353867,0.4824170862988977,118,4.44253691446987,147.8341358230771,430.7066345214844
2019231N13135,BAILU,2019-08-22T00:00:00+00:00,2019-08-19T09:00:00+00:00,-63,12.9,134.5,AHI-L1b-FLDK/2019/08/19/0900/HS_H08_20190819_0900_B13_FLDK_R20_S0101.DAT.bz2,/workspace/scratch/aa764eb01872/data/raw/himawari/2019/08/19/0900/HS_H08_20190819_0900_B13_FLDK_R20_S0101.DAT.bz2,1.0,259.6504821777344,191.29388427734375,0.1951300442929461,0.02442394196987152,0.07631281763315201,0.14549898098215253,0.35057151102866896,73,2.752411187608871,152.23997431655258,434.2030029296875
2019231N13135,BAILU,2019-08-22T00:00:00+00:00,2019-08-19T12:00:00+00:00,-60,13.0,134.2,AHI-L1b-FLDK/2019/08/19/1200/HS_H08_20190819_1200_B13_FLDK_R20_S0101.DAT.bz2,/workspace/scratch/aa764eb01872/data/raw/himawari/2019/08/19/1200/HS_H08_20190819_1200_B13_FLDK_R20_S0101.DAT.bz2,1.0,260.1304016113281,190.72962951660156,0.17558658394333668,0.025079181417822838,0.09613899141550064,0.3686709723341006,0.2648797614038384,84,3.1724330673273387,117.20044965960822,391.4378967285156
2019231N13135,BAILU,2019-08-22T00:00:00+00:00,2019-08-19T15:00:00+00:00,-57,13.1,134.1,AHI-L1b-FLDK/2019/08/19/1500/HS_H08_20190819_1500_B13_FLDK_R20_S0101.DAT.bz2,/workspace/scratch/aa764eb01872/data/raw/himawari/2019/08/19/1500/HS_H08_20190819_1500_B13_FLDK_R20_S0101.DAT.bz2,1.0,258.6470947265625,188.3797607421875,0.2211684858202653,0.06646432727575302,0.10650195181369781,0.4853122411018782,0.3519229344669388,89,3.3646357876272135,79.36096134585581,385.5893859863281
2019231N13135,BAILU,2019-08-22T00:00:00+00:00,2019-08-19T18:00:00+00:00,-54,13.2,134.0,AHI-L1b-FLDK/2019/08/19/1800/HS_H08_20190819_1800_B13_FLDK_R20_S0101.DAT.bz2,/workspace/scratch/aa764eb01872/data/raw/himawari/2019/08/19/1800/HS_H08_20190819_1800_B13_FLDK_R20_S0101.DAT.bz2,1.0,254.14968872070312,190.01171875,0.29338178001590454,0.10558988153934479,0.08060628175735474,0.34757244298211454,0.4963171268754679,87,3.2924863191516742,56.31154548939925,407.690185546875
2019231N13135,BAILU,2019-08-22T00:00:00+00:00,2019-08-19T21:00:00+00:00,-51,13.3,133.9,AHI-L1b-FLDK/2019/08/19/2100/HS_H08_20190819_2100_B13_FLDK_R20_S0101.DAT.bz2,/workspace/scratch/aa764eb01872/data/raw/himawari/2019/08/19/2100/HS_H08_20190819_2100_B13_FLDK_R20_S0101.DAT.bz2,1.0,254.72268676757812,188.53126525878906,0.3145995169856476,0.11174572259187698,0.05507985129952431,0.15018817350826008,0.637472168875978,70,2.651957144372547,114.10344957793777,430.9872131347656
2019231N13135,BAILU,2019-08-22T00:00:00+00:00,2019-08-20T00:00:00+00:00,-48,13.5,133.8,AHI-L1b-FLDK/2019/08/20/0000/HS_H08_20190820_0000_B13_FLDK_R20_S0101.DAT.bz2,/workspace/scratch/aa764eb01872/data/raw/himawari/2019/08/20/0000/HS_H08_20190820_0000_B13_FLDK_R20_S0101.DAT.bz2,1.0,254.60519409179688,190.44415283203125,0.3158659451060229,0.10418177396059036,0.09736762940883636,0.29971278644524046,0.4959526688717476,61,2.31528925933517,131.9147217496057,403.2803955078125
2019231N13135,BAILU,2019-08-22T00:00:00+00:00,2019-08-20T03:00:00+00:00,-45,13.6,133.7,AHI-L1b-FLDK/2019/08/20/0300/HS_H08_20190820_0300_B13_FLDK_R20_S0101.DAT.bz2,/workspace/scratch/aa764eb01872/data/raw/himawari/2019/08/20/0300/HS_H08_20190820_0300_B13_FLDK_R20_S0101.DAT.bz2,1.0,250.58682250976562,192.26087951660156,0.38481328323406816,0.07848085463047028,0.0760924443602562,0.3590408877795205,0.904327830109081,75,2.849933881533948,138.7703669300783,388.7600402832031
2019231N13135,BAILU,2019-08-22T00:00:00+00:00,2019-08-20T06:00:00+00:00,-42,13.7,133.6,AHI-L1b-FLDK/2019/08/20/0600/HS_H08_20190820_0600_B13_FLDK_R20_S0101.DAT.bz2,/workspace/scratch/aa764eb01872/data/raw/himawari/2019/08/20/0600/HS_H08_20190820_0600_B13_FLDK_R20_S0101.DAT.bz2,1.0,245.68597412109375,185.20233154296875,0.4504201712571427,0.09186609834432602,0.0888993889093399,0.3756973144451169,0.8417594655736976,106,4.032104682566853,153.46302362110893,388.3976745605469
2019231N13135,BAILU,2019-08-22T00:00:00+00:00,2019-08-20T09:00:00+00:00,-39,13.9,133.5,AHI-L1b-FLDK/2019/08/20/0900/HS_H08_20190820_0900_B13_FLDK_R20_S0101.DAT.bz2,/workspace/scratch/aa764eb01872/data/raw/himawari/2019/08/20/0900/HS_H08_20190820_0900_B13_FLDK_R20_S0101.DAT.bz2,1.0,245.41256713867188,186.34805297851562,0.42280445178754855,0.06475286930799484,0.14136959612369537,0.328241697810855,0.6396013192906237,96,3.658829403267792,173.653443016137,385.15740966796875
2019231N13135,BAILU,2019-08-22T00:00:00+00:00,2019-08-20T12:00:00+00:00,-36,14.1,133.3,AHI-L1b-FLDK/2019/08/20/1200/HS_H08_20190820_1200_B13_FLDK_R20_S0101.DAT.bz2,/workspace/scratch/aa764eb01872/data/raw/himawari/2019/08/20/1200/HS_H08_20190820_1200_B13_FLDK_R20_S0101.DAT.bz2,1.0,251.50961303710938,190.3006134033203,0.30659584259138406,0.057036932557821274,0.149752676486969,0.295861582980962,0.4584444467349186,93,3.5528728606356967,167.30200387723448,377.3735656738281
2019231N13135,BAILU,2019-08-22T00:00:00+00:00,2019-08-20T15:00:00+00:00,-33,14.2,133.1,AHI-L1b-FLDK/2019/08/20/1500/HS_H08_20190820_1500_B13_FLDK_R20_S0101.DAT.bz2,/workspace/scratch/aa764eb01872/data/raw/himawari/2019/08/20/1500/HS_H08_20190820_1500_B13_FLDK_R20_S0101.DAT.bz2,1.0,255.969970703125,190.58717346191406,0.26403903106580034,0.0671212300658226,0.15657863020896912,0.19890481663400283,0.4502499072607932,90,3.4431836441125387,151.9143655182593,396.445556640625
2019231N13135,BAILU,2019-08-22T00:00:00+00:00,2019-08-20T18:00:00+00:00,-30,14.4,132.9,AHI-L1b-FLDK/2019/08/20/1800/HS_H08_20190820_1800_B13_FLDK_R20_S0101.DAT.bz2,/workspace/scratch/aa764eb01872/data/raw/himawari/2019/08/20/1800/HS_H08_20190820_1800_B13_FLDK_R20_S0101.DAT.bz2,1.0,258.0538024902344,184.5298309326172,0.2702273712393334,0.09402082115411758,0.19872963428497314,0.3062862678645625,0.548943478953566,74,2.837858567264918,124.1366051453688,377.4044189453125
2019231N13135,BAILU,2019-08-22T00:00:00+00:00,2019-08-20T21:00:00+00:00,-27,14.5,132.7,AHI-L1b-FLDK/2019/08/20/2100/HS_H08_20190820_2100_B13_FLDK_R20_S0101.DAT.bz2,/workspace/scratch/aa764eb01872/data/raw/himawari/2019/08/20/2100/HS_H08_20190820_2100_B13_FLDK_R20_S0101.DAT.bz2,1.0,252.07827758789062,185.20233154296875,0.353016218059321,0.13350574672222137,0.20263990759849548,0.35018158799684285,0.5755308116570341,60,2.3046784973496197,96.17219805920324,359.034423828125
2019231N13135,BAILU,2019-08-22T00:00:00+00:00,2019-08-21T00:00:00+00:00,-24,14.6,132.4,AHI-L1b-FLDK/2019/08/21/0000/HS_H08_20190821_0000_B13_FLDK_R20_S0101.DAT.bz2,/workspace/scratch/aa764eb01872/data/raw/himawari/2019/08/21/0000/HS_H08_20190821_0000_B13_FLDK_R20_S0101.DAT.bz2,1.0,246.73300170898438,185.20233154296875,0.4468974878990502,0.1536872237920761,0.1741277277469635,0.3511294201909122,0.8873309212740105,86,3.3105317252874578,150.72563081736678,357.4512634277344
2019231N13135,BAILU,2019-08-22T00:00:00+00:00,2019-08-21T03:00:00+00:00,-21,14.8,132.0,AHI-L1b-FLDK/2019/08/21/0300/HS_H08_20190821_0300_B13_FLDK_R20_S0101.DAT.bz2,/workspace/scratch/aa764eb01872/data/raw/himawari/2019/08/21/0300/HS_H08_20190821_0300_B13_FLDK_R20_S0101.DAT.bz2,1.0,244.36044311523438,186.8275604248047,0.468839087786054,0.17153677344322205,0.13658924400806427,0.3477923224904791,0.9536051525663484,82,3.167576379151167,153.96455484025884,374.6089782714844
2019231N13135,BAILU,2019-08-22T00:00:00+00:00,2019-08-21T06:00:00+00:00,-18,14.9,131.6,AHI-L1b-FLDK/2019/08/21/0600/HS_H08_20190821_0600_B13_FLDK_R20_S0101.DAT.bz2,/workspace/scratch/aa764eb01872/data/raw/himawari/2019/08/21/0600/HS_H08_20190821_0600_B13_FLDK_R20_S0101.DAT.bz2,1.0,241.06703186035156,186.98593139648438,0.5175267127616344,0.13188384473323822,0.16080951690673828,0.418753209125458,0.7358167809750888,63,2.440129675462753,123.53161891698791,374.58477783203125
2019231N13135,BAILU,2019-08-22T00:00:00+00:00,2019-08-21T09:00:00+00:00,-15,15.1,131.2,AHI-L1b-FLDK/2019/08/21/0900/HS_H08_20190821_0900_B13_FLDK_R20_S0101.DAT.bz2,/workspace/scratch/aa764eb01872/data/raw/himawari/2019/08/21/0900/HS_H08_20190821_0900_B13_FLDK_R20_S0101.DAT.bz2,1.0,240.32691955566406,186.50863647460938,0.5291250124660395,0.09872505068778992,0.16004346311092377,0.4464400236351028,0.9214165584108226,56,2.176938447065409,115.88834638167566,368.738525390625
2019231N13135,BAILU,2019-08-22T00:00:00+00:00,2019-08-21T12:00:00+00:00,-12,15.2,130.7,AHI-L1b-FLDK/2019/08/21/1200/HS_H08_20190821_1200_B13_FLDK_R20_S0101.DAT.bz2,/workspace/scratch/aa764eb01872/data/raw/himawari/2019/08/21/1200/HS_H08_20190821_1200_B13_FLDK_R20_S0101.DAT.bz2,1.0,242.96022033691406,182.786865234375,0.4347892364835101,0.12742935121059418,0.18907158076763153,0.45730988903981584,0.9436996117980603,50,1.950207307036738,81.2763629159713,356.2709045410156
2019231N13135,BAILU,2019-08-22T00:00:00+00:00,2019-08-21T15:00:00+00:00,-9,15.4,130.4,AHI-L1b-FLDK/2019/08/21/1500/HS_H08_20190821_1500_B13_FLDK_R20_S0101.DAT.bz2,/workspace/scratch/aa764eb01872/data/raw/himawari/2019/08/21/1500/HS_H08_20190821_1500_B13_FLDK_R20_S0101.DAT.bz2,1.0,242.75567626953125,183.31942749023438,0.4494983448687504,0.203090101480484,0.198089137673378,0.4282597219815397,0.948582330582625,41,1.6045019978006583,92.93456915856818,352.19573974609375
2019231N13135,BAILU,2019-08-22T00:00:00+00:00,2019-08-21T18:00:00+00:00,-6,15.6,130.1,AHI-L1b-FLDK/2019/08/21/1800/HS_H08_20190821_1800_B13_FLDK_R20_S0101.DAT.bz2,/workspace/scratch/aa764eb01872/data/raw/himawari/2019/08/21/1800/HS_H08_20190821_1800_B13_FLDK_R20_S0101.DAT.bz2,1.0,240.0030517578125,182.4269256591797,0.4797254103073898,0.2429918497800827,0.1609610915184021,0.42865131118819355,0.8765879813550824,66,2.591680704937152,112.56519164661111,377.4778137207031
2019231N13135,BAILU,2019-08-22T00:00:00+00:00,2019-08-21T21:00:00+00:00,-3,15.7,129.6,AHI-L1b-FLDK/2019/08/21/2100/HS_H08_20190821_2100_B13_FLDK_R20_S0101.DAT.bz2,/workspace/scratch/aa764eb01872/data/raw/himawari/2019/08/21/2100/HS_H08_20190821_2100_B13_FLDK_R20_S0101.DAT.bz2,1.0,235.76470947265625,181.32264709472656,0.5095620194621453,0.28494009375572205,0.1660684049129486,0.4244074164697951,0.7788629615460854,74,2.9169113850204775,148.1626350719933,373.55047607421875
2019236N08143,PODUL,2019-08-28T00:00:00+00:00,2019-08-25T00:00:00+00:00,-72,11.1,137.7,AHI-L1b-FLDK/2019/08/25/0000/HS_H08_20190825_0000_B13_FLDK_R20_S0101.DAT.bz2,/workspace/scratch/aa764eb01872/data/raw/himawari/2019/08/25/0000/HS_H08_20190825_0000_B13_FLDK_R20_S0101.DAT.bz2,1.0,241.32093811035156,185.36839294433594,0.47144552435369635,0.15462423861026764,0.1846700757741928,0.4106142613186853,0.8320258144248702,84,3.105429325604265,157.672018906871,375.8918151855469
2019236N08143,PODUL,2019-08-28T00:00:00+00:00,2019-08-25T03:00:00+00:00,-69,11.7,137.3,AHI-L1b-FLDK/2019/08/25/0300/HS_H08_20190825_0300_B13_FLDK_R20_S0101.DAT.bz2,/workspace/scratch/aa764eb01872/data/raw/himawari/2019/08/25/0300/HS_H08_20190825_0300_B13_FLDK_R20_S0101.DAT.bz2,1.0,238.42897033691406,188.22760009765625,0.47307570100740404,0.1672433614730835,0.17543454468250275,0.42415843799477626,0.6784568638297658,127,4.715667526873735,149.18133686730746,371.9225769042969
2019236N08143,PODUL,2019-08-28T00:00:00+00:00,2019-08-25T06:00:00+00:00,-66,12.1,136.8,AHI-L1b-FLDK/2019/08/25/0600/HS_H08_20190825_0600_B13_FLDK_R20_S0101.DAT.bz2,/workspace/scratch/aa764eb01872/data/raw/himawari/2019/08/25/0600/HS_H08_20190825_0600_B13_FLDK_R20_S0101.DAT.bz2,1.0,238.19395446777344,189.27919006347656,0.5307818681155608,0.10872510820627213,0.14473885297775269,0.44090724218574184,0.9223324793698779,59,2.198457353653538,148.2904270353905,371.1349182128906
2019236N08143,PODUL,2019-08-28T00:00:00+00:00,2019-08-25T09:00:00+00:00,-63,12.4,136.2,AHI-L1b-FLDK/2019/08/25/0900/HS_H08_20190825_0900_B13_FLDK_R20_S0101.DAT.bz2,/workspace/scratch/aa764eb01872/data/raw/himawari/2019/08/25/0900/HS_H08_20190825_0900_B13_FLDK_R20_S0101.DAT.bz2,1.0,236.4716796875,187.14358520507812,0.5123324972690309,0.08038254082202911,0.12325237691402435,0.5555304818924738,0.9647701759236978,59,2.2060363136011487,125.02143578563071,389.17352294921875
2019236N08143,PODUL,2019-08-28T00:00:00+00:00,2019-08-25T12:00:00+00:00,-60,12.5,135.5,AHI-L1b-FLDK/2019/08/25/1200/HS_H08_20190825_1200_B13_FLDK_R20_S0101.DAT.bz2,/workspace/scratch/aa764eb01872/data/raw/himawari/2019/08/25/1200/HS_H08_20190825_1200_B13_FLDK_R20_S0101.DAT.bz2,1.0,241.27976989746094,187.45677185058594,0.37779780854254014,0.07465938478708267,0.07037454843521118,0.4081032266037825,0.5546856163516382,63,2.3613989977173144,151.3972252211416,411.0643005371094
2019236N08143,PODUL,2019-08-28T00:00:00+00:00,2019-08-25T15:00:00+00:00,-57,12.6,134.7,AHI-L1b-FLDK/2019/08/25/1500/HS_H08_20190825_1500_B13_FLDK_R20_S0101.DAT.bz2,/workspace/scratch/aa764eb01872/data/raw/himawari/2019/08/25/1500/HS_H08_20190825_1500_B13_FLDK_R20_S0101.DAT.bz2,1.0,245.77012634277344,186.8275604248047,0.3224248894713908,0.06442145258188248,0.10525008291006088,0.41320407918725854,0.3523513092445463,60,2.2560631697687534,95.82940989872576,408.4321594238281
2019236N08143,PODUL,2019-08-28T00:00:00+00:00,2019-08-25T18:00:00+00:00,-54,12.6,133.9,AHI-L1b-FLDK/2019/08/25/1800/HS_H08_20190825_1800_B13_FLDK_R20_S0101.DAT.bz2,/workspace/scratch/aa764eb01872/data/raw/himawari/2019/08/25/1800/HS_H08_20190825_1800_B13_FLDK_R20_S0101.DAT.bz2,1.0,250.16937255859375,189.27919006347656,0.28738560811279457,0.10466193407773972,0.22074097394943237,0.3209991133024328,0.4429291409987476,62,2.337629040893427,68.88991803719433,351.38897705078125
2019236N08143,PODUL,2019-08-28T00:00:00+00:00,2019-08-25T21:00:00+00:00,-51,12.7,133.2,AHI-L1b-FLDK/2019/08/25/2100/HS_H08_20190825_2100_B13_FLDK_R20_S0101.DAT.bz2,/workspace/scratch/aa764eb01872/data/raw/himawari/2019/08/25/2100/HS_H08_20190825_2100_B13_FLDK_R20_S0101.DAT.bz2,1.0,252.220947265625,187.92127990722656,0.32593577514842353,0.08846156299114227,0.23951269686222076,0.39778604642205795,0.5704075755547383,76,2.875542001831266,126.61481430491939,341.4715576171875
2019236N08143,PODUL,2019-08-28T00:00:00+00:00,2019-08-26T00:00:00+00:00,-48,12.9,132.5,AHI-L1b-FLDK/2019/08/26/0000/HS_H08_20190826_0000_B13_FLDK_R20_S0101.DAT.bz2,/workspace/scratch/aa764eb01872/data/raw/himawari/2019/08/26/0000/HS_H08_20190826_0000_B13_FLDK_R20_S0101.DAT.bz2,1.0,254.49082946777344,190.1564483642578,0.304086733356498,0.0981905534863472,0.23126278817653656,0.399778864247437,0.2853137572604652,91,3.4577489674249646,196.08699813589556,364.8888854980469
2019236N08143,PODUL,2019-08-28T00:00:00+00:00,2019-08-26T03:00:00+00:00,-45,13.0,131.8,AHI-L1b-FLDK/2019/08/26/0300/HS_H08_20190826_0300_B13_FLDK_R20_S0101.DAT.bz2,/workspace/scratch/aa764eb01872/data/raw/himawari/2019/08/26/0300/HS_H08_20190826_0300_B13_FLDK_R20_S0101.DAT.bz2,1.0,254.01318359375,191.57278442382812,0.31214435310271593,0.05633692443370819,0.15147022902965546,0.34274313690775615,0.7415618914210562,62,2.3652386220577575,202.73559065595,395.02734375
2019236N08143,PODUL,2019-08-28T00:00:00+00:00,2019-08-26T06:00:00+00:00,-42,13.2,131.1,AHI-L1b-FLDK/2019/08/26/0600/HS_H08_20190826_0600_B13_FLDK_R20_S0101.DAT.bz2,/workspace/scratch/aa764eb01872/data/raw/himawari/2019/08/26/0600/HS_H08_20190826_0600_B13_FLDK_R20_S0101.DAT.bz2,1.0,255.15304565429688,191.29388427734375,0.27612324130403565,0.04662444815039635,0.15226931869983673,0.34596014323370405,0.49523998604833847,123,4.71573329652761,150.0191294425128,380.53466796875
2019236N08143,PODUL,2019-08-28T00:00:00+00:00,2019-08-26T09:00:00+00:00,-39,13.4,130.3,AHI-L1b-FLDK/2019/08/26/0900/HS_H08_20190826_0900_B13_FLDK_R20_S0101.DAT.bz2,/workspace/scratch/aa764eb01872/data/raw/himawari/2019/08/26/0900/HS_H08_20190826_0900_B13_FLDK_R20_S0101.DAT.bz2,1.0,258.341064453125,186.18670654296875,0.22233064821071033,0.04357520863413811,0.18511131405830383,0.12369607226264556,0.6549811036942366,46,1.7737812002329052,220.46511283757582,359.3944396972656
2019236N08143,PODUL,2019-08-28T00:00:00+00:00,2019-08-26T12:00:00+00:00,-36,13.5,129.5,AHI-L1b-FLDK/2019/08/26/1200/HS_H08_20190826_1200_B13_FLDK_R20_S0101.DAT.bz2,/workspace/scratch/aa764eb01872/data/raw/himawari/2019/08/26/1200/HS_H08_20190826_1200_B13_FLDK_R20_S0101.DAT.bz2,1.0,255.175537109375,185.5336456298828,0.2598767732099962,0.10404687374830246,0.11259789764881134,0.02434217992648602,0.6734646108756276,55,2.13230362452847,227.8878234121485,377.7473449707031
2019236N08143,PODUL,2019-08-28T00:00:00+00:00,2019-08-26T15:00:00+00:00,-33,13.7,128.8,AHI-L1b-FLDK/2019/08/26/1500/HS_H08_20190826_1500_B13_FLDK_R20_S0101.DAT.bz2,/workspace/scratch/aa764eb01872/data/raw/himawari/2019/08/26/1500/HS_H08_20190826_1500_B13_FLDK_R20_S0101.DAT.bz2,1.0,251.9951934814453,182.4269256591797,0.32006029187883217,0.1258751004934311,0.11948110908269882,0.005763543094925105,0.697666756204272,39,1.5210193169453252,224.67593369752285,394.24822998046875
2019236N08143,PODUL,2019-08-28T00:00:00+00:00,2019-08-26T18:00:00+00:00,-30,14.0,128.1,AHI-L1b-FLDK/2019/08/26/1800/HS_H08_20190826_1800_B13_FLDK_R20_S0101.DAT.bz2,/workspace/scratch/aa764eb01872/data/raw/himawari/2019/08/26/1800/HS_H08_20190826_1800_B13_FLDK_R20_S0101.DAT.bz2,1.0,248.83425903320312,184.5298309326172,0.36907900583020187,0.13822998106479645,0.14480182528495789,0.22755444752678444,0.42031866288594477,69,2.70977167228257,180.51278059789092,388.76849365234375
2019236N08143,PODUL,2019-08-28T00:00:00+00:00,2019-08-26T21:00:00+00:00,-27,14.3,127.3,AHI-L1b-FLDK/2019/08/26/2100/HS_H08_20190826_2100_B13_FLDK_R20_S0101.DAT.bz2,/workspace/scratch/aa764eb01872/data/raw/himawari/2019/08/26/2100/HS_H08_20190826_2100_B13_FLDK_R20_S0101.DAT.bz2,1.0,247.53883361816406,180.37261962890625,0.3836942119212549,0.15508775413036346,0.15692681074142456,0.25258647392036193,0.9625630655582361,53,2.0979713013359724,200.30968319318052,376.9618225097656
2019236N08143,PODUL,2019-08-28T00:00:00+00:00,2019-08-27T00:00:00+00:00,-24,14.6,126.5,AHI-L1b-FLDK/2019/08/27/0000/HS_H08_20190827_0000_B13_FLDK_R20_S0101.DAT.bz2,/workspace/scratch/aa764eb01872/data/raw/himawari/2019/08/27/0000/HS_H08_20190827_0000_B13_FLDK_R20_S0101.DAT.bz2,1.0,250.3890380859375,185.86170959472656,0.3730374086131907,0.15502718091011047,0.1612512320280075,0.09321329184287619,0.9238400339961941,66,2.634183722341071,240.80425948818413,361.7632751464844
2019236N08143,PODUL,2019-08-28T00:00:00+00:00,2019-08-27T03:00:00+00:00,-21,14.9,125.6,AHI-L1b-FLDK/2019/08/27/0300/HS_H08_20190827_0300_B13_FLDK_R20_S0101.DAT.bz2,/workspace/scratch/aa764eb01872/data/raw/himawari/2019/08/27/0300/HS_H08_20190827_0300_B13_FLDK_R20_S0101.DAT.bz2,1.0,252.02342224121094,188.0747833251953,0.3779813864794473,0.1205083355307579,0.12909631431102753,0.07187019428840113,0.929979587007455,42,1.6925451446118631,253.8488634289366,370.9712219238281
2019236N08143,PODUL,2019-08-28T00:00:00+00:00,2019-08-27T06:00:00+00:00,-18,15.2,124.6,AHI-L1b-FLDK/2019/08/27/0600/HS_H08_20190827_0600_B13_FLDK_R20_S0101.DAT.bz2,/workspace/scratch/aa764eb01872/data/raw/himawari/2019/08/27/0600/HS_H08_20190827_0600_B13_FLDK_R20_S0101.DAT.bz2,1.0,252.00340270996094,183.8435516357422,0.4071125322165204,0.09411782771348953,0.16009819507598877,0.15706171256058654,0.9591079235695289,45,1.8336063369435003,236.32836056705435,367.1319274902344
2019236N08143,PODUL,2019-08-28T00:00:00+00:00,2019-08-27T09:00:00+00:00,-15,15.6,123.7,AHI-L1b-FLDK/2019/08/27/0900/HS_H08_20190827_0900_B13_FLDK_R20_S0101.DAT.bz2,/workspace/scratch/aa764eb01872/data/raw/himawari/2019/08/27/0900/HS_H08_20190827_0900_B13_FLDK_R20_S0101.DAT.bz2,1.0,251.5489044189453,186.02459716796875,0.3950843739344867,0.11916746199131012,0.12220311164855957,0.1578369640248386,0.9698082358615714,33,1.360056380519047,229.3644963924953,376.2973937988281
2019236N08143,PODUL,2019-08-28T00:00:00+00:00,2019-08-27T12:00:00+00:00,-12,15.9,122.8,AHI-L1b-FLDK/2019/08/27/1200/HS_H08_20190827_1200_B13_FLDK_R20_S0101.DAT.bz2,/workspace/scratch/aa764eb01872/data/raw/himawari/2019/08/27/1200/HS_H08_20190827_1200_B13_FLDK_R20_S0101.DAT.bz2,1.0,251.71058654785156,184.5298309326172,0.3481774225283633,0.13960115611553192,0.14671145379543304,0.08117536163176309,0.6987247653220837,36,1.5002687981596703,242.53869830112885,384.9875793457031
2019236N08143,PODUL,2019-08-28T00:00:00+00:00,2019-08-27T15:00:00+00:00,-9,16.1,121.9,AHI-L1b-FLDK/2019/08/27/1500/HS_H08_20190827_1500_B13_FLDK_R20_S0101.DAT.bz2,/workspace/scratch/aa764eb01872/data/raw/himawari/2019/08/27/1500/HS_H08_20190827_1500_B13_FLDK_R20_S0101.DAT.bz2,1.0,252.65301513671875,186.98593139648438,0.34343177493103405,0.15364232659339905,0.2070552110671997,0.10001858158262145,0.7424801667877788,32,1.3480552197119375,228.91859867845602,370.091552734375
2019236N08143,PODUL,2019-08-28T00:00:00+00:00,2019-08-27T18:00:00+00:00,-6,16.3,120.6,AHI-L1b-FLDK/2019/08/27/1800/HS_H08_20190827_1800_B13_FLDK_R20_S0101.DAT.bz2,/workspace/scratch/aa764eb01872/data/raw/himawari/2019/08/27/1800/HS_H08_20190827_1800_B13_FLDK_R20_S0101.DAT.bz2,1.0,247.7294921875,182.24545288085938,0.419051769416651,0.21357201039791107,0.21932218968868256,0.37701668441422176,0.9830112151781559,31,1.3266345421399044,184.87827247778594,362.2271423339844
2019236N08143,PODUL,2019-08-28T00:00:00+00:00,2019-08-27T21:00:00+00:00,-3,16.5,119.2,AHI-L1b-FLDK/2019/08/27/2100/HS_H08_20190827_2100_B13_FLDK_R20_S0101.DAT.bz2,/workspace/scratch/aa764eb01872/data/raw/himawari/2019/08/27/2100/HS_H08_20190827_2100_B13_FLDK_R20_S0101.DAT.bz2,1.0,241.8582000732422,179.78866577148438,0.4745206498634975,0.23068185150623322,0.18402089178562164,0.4611042876040973,0.8089909699144001,44,1.9169858012347132,157.0738891930247,361.40203857421875
2019243N06136,LINGLING,2019-09-02T06:00:00+00:00,2019-08-30T06:00:00+00:00,-72,6.4,136.0,AHI-L1b-FLDK/2019/08/30/0600/HS_H08_20190830_0600_B13_FLDK_R20_S0101.DAT.bz2,/workspace/scratch/aa764eb01872/data/raw/himawari/2019/08/30/0600/HS_H08_20190830_0600_B13_FLDK_R20_S0101.DAT.bz2,1.0,249.18560791015625,193.731201171875,0.34678140223524145,0.03877085819840431,0.1805846244096756,0.829038110595904,0.554754088567624,115,4.174834821752705,40.53720629602766,327.9417724609375
2019243N06136,LINGLING,2019-09-02T06:00:00+00:00,2019-08-30T09:00:00+00:00,-69,6.4,136.0,AHI-L1b-FLDK/2019/08/30/0900/HS_H08_20190830_0900_B13_FLDK_R20_S0101.DAT.bz2,/workspace/scratch/aa764eb01872/data/raw/himawari/2019/08/30/0900/HS_H08_20190830_0900_B13_FLDK_R20_S0101.DAT.bz2,1.0,249.189208984375,192.53257751464844,0.2748297182275634,0.04054195061326027,0.2027881145477295,0.6885407515941679,0.25896799741392024,97,3.5213824148696724,16.594515693221982,313.32763671875
2019243N06136,LINGLING,2019-09-02T06:00:00+00:00,2019-08-30T12:00:00+00:00,-66,6.4,136.0,AHI-L1b-FLDK/2019/08/30/1200/HS_H08_20190830_1200_B13_FLDK_R20_S0101.DAT.bz2,/workspace/scratch/aa764eb01872/data/raw/himawari/2019/08/30/1200/HS_H08_20190830_1200_B13_FLDK_R20_S0101.DAT.bz2,1.0,248.40086364746094,188.3797607421875,0.28674555686936376,0.06935101747512817,0.2048957198858261,0.49168473641367183,0.4014511778826456,88,3.1946562114281565,117.43434143670594,333.8636169433594
2019243N06136,LINGLING,2019-09-02T06:00:00+00:00,2019-08-30T15:00:00+00:00,-63,6.4,135.3,AHI-L1b-FLDK/2019/08/30/1500/HS_H08_20190830_1500_B13_FLDK_R20_S0101.DAT.bz2,/workspace/scratch/aa764eb01872/data/raw/himawari/2019/08/30/1500/HS_H08_20190830_1500_B13_FLDK_R20_S0101.DAT.bz2,1.0,245.6490020751953,186.8275604248047,0.35106243139888005,0.11292237043380737,0.19652590155601501,0.41479638229354276,0.8190584552580212,51,1.8550918634215896,124.47962828117635,330.4059753417969
2019243N06136,LINGLING,2019-09-02T06:00:00+00:00,2019-08-30T18:00:00+00:00,-60,6.4,134.7,AHI-L1b-FLDK/2019/08/30/1800/HS_H08_20190830_1800_B13_FLDK_R20_S0101.DAT.bz2,/workspace/scratch/aa764eb01872/data/raw/himawari/2019/08/30/1800/HS_H08_20190830_1800_B13_FLDK_R20_S0101.DAT.bz2,1.0,245.04904174804688,186.50863647460938,0.39427347266257645,0.13937042653560638,0.208062544465065,0.4506868630939158,0.8408828578501389,66,2.4052127520006996,135.27722915472378,326.7470397949219
2019243N06136,LINGLING,2019-09-02T06:00:00+00:00,2019-08-30T21:00:00+00:00,-57,6.4,134.1,AHI-L1b-FLDK/2019/08/30/2100/HS_H08_20190830_2100_B13_FLDK_R20_S0101.DAT.bz2,/workspace/scratch/aa764eb01872/data/raw/himawari/2019/08/30/2100/HS_H08_20190830_2100_B13_FLDK_R20_S0101.DAT.bz2,1.0,246.41900634765625,189.573974609375,0.3989062985822112,0.12054163217544556,0.19180041551589966,0.49666358042766656,0.9207697386790156,48,1.7527203680712773,139.19195545281445,331.37237548828125
2019243N06136,LINGLING,2019-09-02T06:00:00+00:00,2019-08-31T00:00:00+00:00,-54,6.4,133.6,AHI-L1b-FLDK/2019/08/31/0000/HS_H08_20190831_0000_B13_FLDK_R20_S0101.DAT.bz2,/workspace/scratch/aa764eb01872/data/raw/himawari/2019/08/31/0000/HS_H08_20190831_0000_B13_FLDK_R20_S0101.DAT.bz2,1.0,249.70115661621094,188.0747833251953,0.34341493878957396,0.08401420712471008,0.1882481426000595,0.36876917571610823,0.8528535061880808,73,2.670607947436582,171.05175954045262,337.63037109375
2019243N06136,LINGLING,2019-09-02T06:00:00+00:00,2019-08-31T03:00:00+00:00,-51,6.6,133.2,AHI-L1b-FLDK/2019/08/31/0300/HS_H08_20190831_0300_B13_FLDK_R20_S0101.DAT.bz2,/workspace/scratch/aa764eb01872/data/raw/himawari/2019/08/31/0300/HS_H08_20190831_0300_B13_FLDK_R20_S0101.DAT.bz2,1.0,252.0593719482422,192.9364013671875,0.2995209376725917,0.06685031950473785,0.17217381298542023,0.2699718616359802,0.6242735849456036,99,3.6300701813568397,192.67641424644847,345.12872314453125
2019243N06136,LINGLING,2019-09-02T06:00:00+00:00,2019-08-31T06:00:00+00:00,-48,7.0,132.8,AHI-L1b-FLDK/2019/08/31/0600/HS_H08_20190831_0600_B13_FLDK_R20_S0101.DAT.bz2,/workspace/scratch/aa764eb01872/data/raw/himawari/2019/08/31/0600/HS_H08_20190831_0600_B13_FLDK_R20_S0101.DAT.bz2,1.0,251.09970092773438,191.29388427734375,0.30405929312643165,0.045503564178943634,0.17006860673427582,0.2875557629931068,0.8112865661476724,76,2.795669654845153,168.33120450083334,318.7755432128906
2019243N06136,LINGLING,2019-09-02T06:00:00+00:00,2019-08-31T09:00:00+00:00,-45,7.5,132.3,AHI-L1b-FLDK/2019/08/31/0900/HS_H08_20190831_0900_B13_FLDK_R20_S0101.DAT.bz2,/workspace/scratch/aa764eb01872/data/raw/himawari/2019/08/31/0900/HS_H08_20190831_0900_B13_FLDK_R20_S0101.DAT.bz2,1.0,252.44866943359375,194.6377716064453,0.2617850475022842,0.03922208026051521,0.13251852989196777,0.3384675153035491,0.7511706393036427,50,1.8468243854691857,174.3234904863988,322.40753173828125
2019243N06136,LINGLING,2019-09-02T06:00:00+00:00,2019-08-31T12:00:00+00:00,-42,8.0,131.9,AHI-L1b-FLDK/2019/08/31/1200/HS_H08_20190831_1200_B13_FLDK_R20_S0101.DAT.bz2,/workspace/scratch/aa764eb01872/data/raw/himawari/2019/08/31/1200/HS_H08_20190831_1200_B13_FLDK_R20_S0101.DAT.bz2,1.0,256.34063720703125,189.27919006347656,0.21873985926148595,0.060338329523801804,0.2077968567609787,0.2805572004816711,0.554410412460891,59,2.1880458525405437,162.79765407689897,319.994384765625
2019243N06136,LINGLING,2019-09-02T06:00:00+00:00,2019-08-31T15:00:00+00:00,-39,8.6,131.4,AHI-L1b-FLDK/2019/08/31/1500/HS_H08_20190831_1500_B13_FLDK_R20_S0101.DAT.bz2,/workspace/scratch/aa764eb01872/data/raw/himawari/2019/08/31/1500/HS_H08_20190831_1500_B13_FLDK_R20_S0101.DAT.bz2,1.0,249.7255096435547,190.44415283203125,0.31425304727054554,0.09095925092697144,0.22271978855133057,0.36187445734925694,0.6329827569079218,69,2.5718247282811264,126.51925436794934,331.2467346191406
2019243N06136,LINGLING,2019-09-02T06:00:00+00:00,2019-08-31T18:00:00+00:00,-36,9.3,130.9,AHI-L1b-FLDK/2019/08/31/1800/HS_H08_20190831_1800_B13_FLDK_R20_S0101.DAT.bz2,/workspace/scratch/aa764eb01872/data/raw/himawari/2019/08/31/1800/HS_H08_20190831_1800_B13_FLDK_R20_S0101.DAT.bz2,1.0,245.8602752685547,188.3797607421875,0.3806113440794018,0.09149550646543503,0.19555988907814026,0.5663339976771221,0.5546757914362895,74,2.774621957758255,65.1252780495066,356.54962158203125
2019243N06136,LINGLING,2019-09-02T06:00:00+00:00,2019-08-31T21:00:00+00:00,-33,10.0,130.4,AHI-L1b-FLDK/2019/08/31/2100/HS_H08_20190831_2100_B13_FLDK_R20_S0101.DAT.bz2,/workspace/scratch/aa764eb01872/data/raw/himawari/2019/08/31/2100/HS_H08_20190831_2100_B13_FLDK_R20_S0101.DAT.bz2,1.0,247.45407104492188,188.6820831298828,0.3755464368726619,0.1289951503276825,0.17970260977745056,0.405204663775082,0.5491059325245947,92,3.471252744930839,53.32036954944411,365.7196350097656
2019243N06136,LINGLING,2019-09-02T06:00:00+00:00,2019-09-01T00:00:00+00:00,-30,10.8,129.8,AHI-L1b-FLDK/2019/09/01/0000/HS_H08_20190901_0000_B13_FLDK_R20_S0101.DAT.bz2,/workspace/scratch/aa764eb01872/data/raw/himawari/2019/09/01/0000/HS_H08_20190901_0000_B13_FLDK_R20_S0101.DAT.bz2,1.0,248.7637481689453,189.86639404296875,0.36963589188924734,0.1332966387271881,0.17000900208950043,0.3145872129511884,0.7690980743133459,74,2.8142232363567214,104.68190499858004,361.78326416015625
2019243N06136,LINGLING,2019-09-02T06:00:00+00:00,2019-09-01T03:00:00+00:00,-27,11.5,129.3,AHI-L1b-FLDK/2019/09/01/0300/HS_H08_20190901_0300_B13_FLDK_R20_S0101.DAT.bz2,/workspace/scratch/aa764eb01872/data/raw/himawari/2019/09/01/0300/HS_H08_20190901_0300_B13_FLDK_R20_S0101.DAT.bz2,1.0,246.83834838867188,189.573974609375,0.42323837411892723,0.10287641733884811,0.21657900512218475,0.32329356893053485,0.886431821234934,66,2.5281157110900008,159.3821896680937,344.843505859375
2019243N06136,LINGLING,2019-09-02T06:00:00+00:00,2019-09-01T06:00:00+00:00,-24,12.2,128.8,AHI-L1b-FLDK/2019/09/01/0600/HS_H08_20190901_0600_B13_FLDK_R20_S0101.DAT.bz2,/workspace/scratch/aa764eb01872/data/raw/himawari/2019/09/01/0600/HS_H08_20190901_0600_B13_FLDK_R20_S0101.DAT.bz2,1.0,245.3926239013672,188.9818878173828,0.43822054202966787,0.07277420908212662,0.23372529447078705,0.47516808476171635,0.9107863037354933,70,2.7018890063996173,129.3127781442545,328.1639709472656
2019243N06136,LINGLING,2019-09-02T06:00:00+00:00,2019-09-01T09:00:00+00:00,-21,12.9,128.2,AHI-L1b-FLDK/2019/09/01/0900/HS_H08_20190901_0900_B13_FLDK_R20_S0101.DAT.bz2,/workspace/scratch/aa764eb01872/data/raw/himawari/2019/09/01/0900/HS_H08_20190901_0900_B13_FLDK_R20_S0101.DAT.bz2,1.0,244.72927856445312,191.43359375,0.3875464480806041,0.07499740272760391,0.23628176748752594,0.408700190078759,0.8722497746855917,70,2.7258036253188216,126.0391078773914,319.20928955078125
2019243N06136,LINGLING,2019-09-02T06:00:00+00:00,2019-09-01T12:00:00+00:00,-18,13.4,127.6,AHI-L1b-FLDK/2019/09/01/1200/HS_H08_20190901_1200_B13_FLDK_R20_S0101.DAT.bz2,/workspace/scratch/aa764eb01872/data/raw/himawari/2019/09/01/1200/HS_H08_20190901_1200_B13_FLDK_R20_S0101.DAT.bz2,1.0,248.5906524658203,191.57278442382812,0.33033585321696257,0.057026997208595276,0.13538432121276855,0.2818504889025889,0.6982720172812863,69,2.707336882952802,140.8452255342984,356.12408447265625
2019243N06136,LINGLING,2019-09-02T06:00:00+00:00,2019-09-01T15:00:00+00:00,-15,13.9,127.2,AHI-L1b-FLDK/2019/09/01/1500/HS_H08_20190901_1500_B13_FLDK_R20_S0101.DAT.bz2,/workspace/scratch/aa764eb01872/data/raw/himawari/2019/09/01/1500/HS_H08_20190901_1500_B13_FLDK_R20_S0101.DAT.bz2,1.0,251.34544372558594,193.20323181152344,0.3204022589935235,0.06425699591636658,0.15137821435928345,0.3817778220654886,0.31994560981285103,81,3.199153211791842,125.95438338884232,363.15948486328125
2019243N06136,LINGLING,2019-09-02T06:00:00+00:00,2019-09-01T18:00:00+00:00,-12,14.3,126.7,AHI-L1b-FLDK/2019/09/01/1800/HS_H08_20190901_1800_B13_FLDK_R20_S0101.DAT.bz2,/workspace/scratch/aa764eb01872/data/raw/himawari/2019/09/01/1800/HS_H08_20190901_1800_B13_FLDK_R20_S0101.DAT.bz2,1.0,251.14515686035156,192.124267578125,0.3055554771293902,0.05406877398490906,0.20710310339927673,0.5551946948955395,0.5133847059051679,103,4.095590281919758,94.8941548813221,350.1446228027344
2019243N06136,LINGLING,2019-09-02T06:00:00+00:00,2019-09-01T21:00:00+00:00,-9,14.8,126.3,AHI-L1b-FLDK/2019/09/01/2100/HS_H08_20190901_2100_B13_FLDK_R20_S0101.DAT.bz2,/workspace/scratch/aa764eb01872/data/raw/himawari/2019/09/01/2100/HS_H08_20190901_2100_B13_FLDK_R20_S0101.DAT.bz2,1.0,253.1130828857422,192.80230712890625,0.26825672267421913,0.07814890891313553,0.27513548731803894,0.7425942233889921,0.7174255963006558,93,3.7237386335881224,31.807930442564583,293.4484558105469
2019243N06136,LINGLING,2019-09-02T06:00:00+00:00,2019-09-02T00:00:00+00:00,-6,15.4,125.8,AHI-L1b-FLDK/2019/09/02/0000/HS_H08_20190902_0000_B13_FLDK_R20_S0101.DAT.bz2,/workspace/scratch/aa764eb01872/data/raw/himawari/2019/09/02/0000/HS_H08_20190902_0000_B13_FLDK_R20_S0101.DAT.bz2,1.0,253.2740478515625,187.76712036132812,0.3109441559728877,0.10903358459472656,0.24904599785804749,0.7173035654529409,0.7600199600028554,88,3.554679452740941,45.52523095365918,300.10394287109375
2019243N06136,LINGLING,2019-09-02T06:00:00+00:00,2019-09-02T03:00:00+00:00,-3,16.1,125.4,AHI-L1b-FLDK/2019/09/02/0300/HS_H08_20190902_0300_B13_FLDK_R20_S0101.DAT.bz2,/workspace/scratch/aa764eb01872/data/raw/himawari/2019/09/02/0300/HS_H08_20190902_0300_B13_FLDK_R20_S0101.DAT.bz2,1.0,248.08773803710938,191.43359375,0.3834702455915531,0.1314738690853119,0.21834874153137207,0.6959515424016848,0.8384500912743855,68,2.772047972736093,81.99594330847775,310.7233581542969
2019268N10155,MITAG,2019-09-27T12:00:00+00:00,2019-09-24T12:00:00+00:00,-72,9.6,155.0,AHI-L1b-FLDK/2019/09/24/1200/HS_H08_20190924_1200_B13_FLDK_R20_S0101.DAT.bz2,/workspace/scratch/aa764eb01872/data/raw/himawari/2019/09/24/1200/HS_H08_20190924_1200_B13_FLDK_R20_S0101.DAT.bz2,1.0,267.2434997558594,191.98719787597656,0.19132171265627296,0.03639679029583931,0.11378073692321777,0.03777532390942551,0.7037191025563145,42,1.6249342288526418,220.16708096076428,368.0645446777344
2019268N10155,MITAG,2019-09-27T12:00:00+00:00,2019-09-24T15:00:00+00:00,-69,9.6,154.5,AHI-L1b-FLDK/2019/09/24/1500/HS_H08_20190924_1500_B13_FLDK_R20_S0101.DAT.bz2,/workspace/scratch/aa764eb01872/data/raw/himawari/2019/09/24/1500/HS_H08_20190924_1500_B13_FLDK_R20_S0101.DAT.bz2,1.0,264.1027526855469,189.72048950195312,0.20940871069031486,0.06945952028036118,0.16180768609046936,0.18869505259456598,0.7225588302871381,60,2.312308030260404,164.1261285531853,319.44671630859375
2019268N10155,MITAG,2019-09-27T12:00:00+00:00,2019-09-24T18:00:00+00:00,-66,9.7,154.1,AHI-L1b-FLDK/2019/09/24/1800/HS_H08_20190924_1800_B13_FLDK_R20_S0101.DAT.bz2,/workspace/scratch/aa764eb01872/data/raw/himawari/2019/09/24/1800/HS_H08_20190924_1800_B13_FLDK_R20_S0101.DAT.bz2,1.0,259.35302734375,186.50863647460938,0.2559575060129203,0.09696982800960541,0.2789020836353302,0.2998769469007445,0.8038238861532689,53,2.037419320117017,135.280799122241,289.716552734375
2019268N10155,MITAG,2019-09-27T12:00:00+00:00,2019-09-24T21:00:00+00:00,-63,9.8,153.7,AHI-L1b-FLDK/2019/09/24/2100/HS_H08_20190924_2100_B13_FLDK_R20_S0101.DAT.bz2,/workspace/scratch/aa764eb01872/data/raw/himawari/2019/09/24/2100/HS_H08_20190924_2100_B13_FLDK_R20_S0101.DAT.bz2,1.0,257.88616943359375,186.50863647460938,0.27822293849942414,0.11992298811674118,0.3320520222187042,0.49236594092737684,0.8622163826418731,38,1.457329022707487,92.11449059763576,260.4487609863281
2019268N10155,MITAG,2019-09-27T12:00:00+00:00,2019-09-25T00:00:00+00:00,-60,9.9,153.2,AHI-L1b-FLDK/2019/09/25/0000/HS_H08_20190925_0000_B13_FLDK_R20_S0101.DAT.bz2,/workspace/scratch/aa764eb01872/data/raw/himawari/2019/09/25/0000/HS_H08_20190925_0000_B13_FLDK_R20_S0101.DAT.bz2,1.0,255.51458740234375,186.34805297851562,0.3274460741379984,0.11239936947822571,0.2959403395652771,0.6663886384072125,0.916753047500421,31,1.1853143377151727,42.79662945303535,264.4566955566406
2019268N10155,MITAG,2019-09-27T12:00:00+00:00,2019-09-25T03:00:00+00:00,-57,10.1,152.7,AHI-L1b-FLDK/2019/09/25/0300/HS_H08_20190925_0300_B13_FLDK_R20_S0101.DAT.bz2,/workspace/scratch/aa764eb01872/data/raw/himawari/2019/09/25/0300/HS_H08_20190925_0300_B13_FLDK_R20_S0101.DAT.bz2,1.0,247.23898315429688,182.4269256591797,0.37891180171591066,0.16343872249126434,0.2561326026916504,0.6731782414776456,0.8439012989829568,85,3.24257926198896,42.98368554676529,280.943603515625
2019268N10155,MITAG,2019-09-27T12:00:00+00:00,2019-09-25T06:00:00+00:00,-54,10.3,152.2,AHI-L1b-FLDK/2019/09/25/0600/HS_H08_20190925_0600_B13_FLDK_R20_S0101.DAT.bz2,/workspace/scratch/aa764eb01872/data/raw/himawari/2019/09/25/0600/HS_H08_20190925_0600_B13_FLDK_R20_S0101.DAT.bz2,1.0,241.80772399902344,185.86170959472656,0.43539294023335046,0.13354191184043884,0.24603094160556793,0.5792689424403041,0.9114757918639905,56,2.131757862760474,99.4427666521145,300.86688232421875
2019268N10155,MITAG,2019-09-27T12:00:00+00:00,2019-09-25T09:00:00+00:00,-51,10.5,151.6,AHI-L1b-FLDK/2019/09/25/0900/HS_H08_20190925_0900_B13_FLDK_R20_S0101.DAT.bz2,/workspace/scratch/aa764eb01872/data/raw/himawari/2019/09/25/0900/HS_H08_20190925_0900_B13_FLDK_R20_S0101.DAT.bz2,1.0,243.80604553222656,185.0354461669922,0.37627251178851706,0.14433717727661133,0.19475670158863068,0.3794084807054581,0.8958397319280819,43,1.632752250729992,154.62159624377944,318.2720947265625
2019268N10155,MITAG,2019-09-27T12:00:00+00:00,2019-09-25T12:00:00+00:00,-48,10.7,151.0,AHI-L1b-FLDK/2019/09/25/1200/HS_H08_20190925_1200_B13_FLDK_R20_S0101.DAT.bz2,/workspace/scratch/aa764eb01872/data/raw/himawari/2019/09/25/1200/HS_H08_20190925_1200_B13_FLDK_R20_S0101.DAT.bz2,1.0,245.9589080810547,182.60739135742188,0.38776840585120775,0.14291350543498993,0.13585712015628815,0.15177694416245202,0.9174413701155353,37,1.4016054064087462,231.22701392425134,361.7371826171875
2019268N10155,MITAG,2019-09-27T12:00:00+00:00,2019-09-25T15:00:00+00:00,-45,10.8,150.3,AHI-L1b-FLDK/2019/09/25/1500/HS_H08_20190925_1500_B13_FLDK_R20_S0101.DAT.bz2,/workspace/scratch/aa764eb01872/data/raw/himawari/2019/09/25/1500/HS_H08_20190925_1500_B13_FLDK_R20_S0101.DAT.bz2,1.0,248.1559600830078,191.71144104003906,0.36448877418703257,0.1632312387228012,0.13195912539958954,0.08678139369655813,0.7956300652486427,27,1.0194642149181596,257.6754901170305,376.89935302734375
2019268N10155,MITAG,2019-09-27T12:00:00+00:00,2019-09-25T18:00:00+00:00,-42,11.2,149.4,AHI-L1b-FLDK/2019/09/25/1800/HS_H08_20190925_1800_B13_FLDK_R20_S0101.DAT.bz2,/workspace/scratch/aa764eb01872/data/raw/himawari/2019/09/25/1800/HS_H08_20190925_1800_B13_FLDK_R20_S0101.DAT.bz2,1.0,251.04898071289062,187.6123046875,0.33866150846428245,0.12858732044696808,0.14281721413135529,0.08933245470943307,0.7208696439880967,37,1.393885739041986,264.08614270795306,371.2802429199219
2019268N10155,MITAG,2019-09-27T12:00:00+00:00,2019-09-25T21:00:00+00:00,-39,11.5,148.3,AHI-L1b-FLDK/2019/09/25/2100/HS_H08_20190925_2100_B13_FLDK_R20_S0101.DAT.bz2,/workspace/scratch/aa764eb01872/data/raw/himawari/2019/09/25/2100/HS_H08_20190925_2100_B13_FLDK_R20_S0101.DAT.bz2,1.0,256.0107727050781,186.66848754882812,0.3002138802670908,0.12325665354728699,0.14502206444740295,0.18185365105434137,0.7352041702731179,24,0.9013915231638843,264.5192981280931,376.58367919921875
2019268N10155,MITAG,2019-09-27T12:00:00+00:00,2019-09-26T00:00:00+00:00,-36,11.7,147.2,AHI-L1b-FLDK/2019/09/26/0000/HS_H08_20190926_0000_B13_FLDK_R20_S0101.DAT.bz2,/workspace/scratch/aa764eb01872/data/raw/himawari/2019/09/26/0000/HS_H08_20190926_0000_B13_FLDK_R20_S0101.DAT.bz2,1.0,256.8743896484375,186.02459716796875,0.29125427156426054,0.09642021358013153,0.19893452525138855,0.18616574562330523,0.8215788810333029,30,1.1233514817006043,217.18005083958093,346.50146484375
2019268N10155,MITAG,2019-09-27T12:00:00+00:00,2019-09-26T03:00:00+00:00,-33,11.9,146.1,AHI-L1b-FLDK/2019/09/26/0300/HS_H08_20190926_0300_B13_FLDK_R20_S0101.DAT.bz2,/workspace/scratch/aa764eb01872/data/raw/himawari/2019/09/26/0300/HS_H08_20190926_0300_B13_FLDK_R20_S0101.DAT.bz2,1.0,256.0962829589844,188.3797607421875,0.31593273243008785,0.08257099986076355,0.1485946625471115,0.2785868249967616,0.9568288541247137,42,1.5689673206520927,141.96139819216486,338.8627624511719
2019268N10155,MITAG,2019-09-27T12:00:00+00:00,2019-09-26T06:00:00+00:00,-30,12.0,145.1,AHI-L1b-FLDK/2019/09/26/0600/HS_H08_20190926_0600_B13_FLDK_R20_S0101.DAT.bz2,/workspace/scratch/aa764eb01872/data/raw/himawari/2019/09/26/0600/HS_H08_20190926_0600_B13_FLDK_R20_S0101.DAT.bz2,1.0,249.93606567382812,186.50863647460938,0.3306404599452941,0.12937285006046295,0.15302473306655884,0.2286302080555801,0.8884690823376086,60,2.236952971792023,130.25051138781714,334.6174011230469
2019268N10155,MITAG,2019-09-27T12:00:00+00:00,2019-09-26T09:00:00+00:00,-27,12.2,144.1,AHI-L1b-FLDK/2019/09/26/0900/HS_H08_20190926_0900_B13_FLDK_R20_S0101.DAT.bz2,/workspace/scratch/aa764eb01872/data/raw/himawari/2019/09/26/0900/HS_H08_20190926_0900_B13_FLDK_R20_S0101.DAT.bz2,1.0,247.3503875732422,185.20233154296875,0.3490397257840913,0.10813915729522705,0.22801685333251953,0.25014381375367667,0.9495425636519662,43,1.6017940092904053,162.94620595913534,310.0723571777344
2019268N10155,MITAG,2019-09-27T12:00:00+00:00,2019-09-26T12:00:00+00:00,-24,12.3,143.2,AHI-L1b-FLDK/2019/09/26/1200/HS_H08_20190926_1200_B13_FLDK_R20_S0101.DAT.bz2,/workspace/scratch/aa764eb01872/data/raw/himawari/2019/09/26/1200/HS_H08_20190926_1200_B13_FLDK_R20_S0101.DAT.bz2,1.0,247.55062866210938,185.36839294433594,0.3599829749367667,0.13982702791690826,0.19621606171131134,0.15849399698964162,0.9356863139856811,43,1.6005598237150853,221.16653692674305,348.23016357421875
2019268N10155,MITAG,2019-09-27T12:00:00+00:00,2019-09-26T15:00:00+00:00,-21,12.6,142.3,AHI-L1b-FLDK/2019/09/26/1500/HS_H08_20190926_1500_B13_FLDK_R20_S0101.DAT.bz2,/workspace/scratch/aa764eb01872/data/raw/himawari/2019/09/26/1500/HS_H08_20190926_1500_B13_FLDK_R20_S0101.DAT.bz2,1.0,248.57867431640625,185.0354461669922,0.37253250182912534,0.18310296535491943,0.05746862664818764,0.20905950608373502,0.9374927192886174,25,0.9315046034957505,226.76131835437894,408.3407287597656
2019268N10155,MITAG,2019-09-27T12:00:00+00:00,2019-09-26T18:00:00+00:00,-18,12.9,141.3,AHI-L1b-FLDK/2019/09/26/1800/HS_H08_20190926_1800_B13_FLDK_R20_S0101.DAT.bz2,/workspace/scratch/aa764eb01872/data/raw/himawari/2019/09/26/1800/HS_H08_20190926_1800_B13_FLDK_R20_S0101.DAT.bz2,1.0,245.92108154296875,183.31942749023438,0.4498188965800941,0.17736797034740448,0.0629025548696518,0.2599357475344952,0.9732803237742933,25,0.9328114564171831,208.36908178690518,416.0844421386719
2019268N10155,MITAG,2019-09-27T12:00:00+00:00,2019-09-26T21:00:00+00:00,-15,13.2,140.3,AHI-L1b-FLDK/2019/09/26/2100/HS_H08_20190926_2100_B13_FLDK_R20_S0101.DAT.bz2,/workspace/scratch/aa764eb01872/data/raw/himawari/2019/09/26/2100/HS_H08_20190926_2100_B13_FLDK_R20_S0101.DAT.bz2,1.0,247.17510986328125,186.18670654296875,0.4102490380613611,0.17091429233551025,0.14977185428142548,0.38109913654350214,0.4227558177467561,31,1.1590518208330218,159.08063719054567,382.41510009765625
2019268N10155,MITAG,2019-09-27T12:00:00+00:00,2019-09-27T00:00:00+00:00,-12,13.4,139.2,AHI-L1b-FLDK/2019/09/27/0000/HS_H08_20190927_0000_B13_FLDK_R20_S0101.DAT.bz2,/workspace/scratch/aa764eb01872/data/raw/himawari/2019/09/27/0000/HS_H08_20190927_0000_B13_FLDK_R20_S0101.DAT.bz2,1.0,249.30416870117188,185.5336456298828,0.37452199088822796,0.10852663218975067,0.25625234842300415,0.3502874639032785,0.9715614596467012,49,1.835618491046677,122.68310755496307,342.237060546875
2019268N10155,MITAG,2019-09-27T12:00:00+00:00,2019-09-27T03:00:00+00:00,-9,13.6,138.2,AHI-L1b-FLDK/2019/09/27/0300/HS_H08_20190927_0300_B13_FLDK_R20_S0101.DAT.bz2,/workspace/scratch/aa764eb01872/data/raw/himawari/2019/09/27/0300/HS_H08_20190927_0300_B13_FLDK_R20_S0101.DAT.bz2,1.0,251.33016967773438,191.98719787597656,0.33594068676334493,0.06983107328414917,0.2747782766819,0.4576216848374225,0.7516698420230987,74,2.7794679948016436,94.51735593669216,332.37982177734375
2019268N10155,MITAG,2019-09-27T12:00:00+00:00,2019-09-27T06:00:00+00:00,-6,13.8,137.3,AHI-L1b-FLDK/2019/09/27/0600/HS_H08_20190927_0600_B13_FLDK_R20_S0101.DAT.bz2,/workspace/scratch/aa764eb01872/data/raw/himawari/2019/09/27/0600/HS_H08_20190927_0600_B13_FLDK_R20_S0101.DAT.bz2,1.0,247.76455688476562,189.86639404296875,0.3538259968625221,0.05716199427843094,0.21690572798252106,0.5007230719302871,0.5927477307014644,60,2.2600317157784113,81.22318438338023,344.1770935058594
2019268N10155,MITAG,2019-09-27T12:00:00+00:00,2019-09-27T09:00:00+00:00,-3,14.0,136.6,AHI-L1b-FLDK/2019/09/27/0900/HS_H08_20190927_0900_B13_FLDK_R20_S0101.DAT.bz2,/workspace/scratch/aa764eb01872/data/raw/himawari/2019/09/27/0900/HS_H08_20190927_0900_B13_FLDK_R20_S0101.DAT.bz2,1.0,248.9956817626953,185.69808959960938,0.3162968603756131,0.06729809939861298,0.23493720591068268,0.3851824259604104,0.9443731599993916,54,2.0402611534276387,112.0731529731222,316.4656982421875
