event_id,domain,block_id,row,col,loss_index,loss_time,exit_time,recovered,exit_reason
Hellegat:165:158:7,Hellegat,Hellegat:0:0,165,158,7,2008.0,2011.0,True,observed_recovery
Hellegat:165:158:10,Hellegat,Hellegat:0:0,165,158,10,2012.0,2012.0,False,end_of_observation
Hellegat:167:159:7,Hellegat,Hellegat:0:0,167,159,7,2008.0,2011.0,True,observed_recovery
Hellegat:167:159:10,Hellegat,Hellegat:0:0,167,159,10,2012.0,2012.0,False,end_of_observation
Hellegat:178:401:2,Hellegat,Hellegat:0:1,178,401,2,1993.0,2012.0,False,end_of_observation
Hellegat:106:397:1,Hellegat,Hellegat:0:1,106,397,1,1982.0,1993.0,True,observed_recovery
Hellegat:106:397:3,Hellegat,Hellegat:0:1,106,397,3,1996.0,1998.0,True,observed_recovery
Hellegat:165:436:2,Hellegat,Hellegat:0:1,165,436,2,1993.0,2012.0,False,end_of_observation
Hellegat:124:435:7,Hellegat,Hellegat:0:1,124,435,7,2008.0,2012.0,False,end_of_observation
Hellegat:145:333:4,Hellegat,Hellegat:0:1,145,333,4,1998.0,2001.0,True,observed_recovery
Hellegat:145:333:7,Hellegat,Hellegat:0:1,145,333,7,2008.0,2011.0,True,observed_recovery
Hellegat:145:333:10,Hellegat,Hellegat:0:1,145,333,10,2012.0,2012.0,False,end_of_observation
Hellegat:153:390:4,Hellegat,Hellegat:0:1,153,390,4,1998.0,2012.0,False,end_of_observation
Hellegat:139:366:4,Hellegat,Hellegat:0:1,139,366,4,1998.0,2008.0,True,observed_recovery
Hellegat:139:366:8,Hellegat,Hellegat:0:1,139,366,8,2010.0,2012.0,False,end_of_observation
Hellegat:96:329:8,Hellegat,Hellegat:0:1,96,329,8,2010.0,2012.0,False,end_of_observation
Hellegat:118:348:4,Hellegat,Hellegat:0:1,118,348,4,1998.0,2012.0,False,end_of_observation
Hellegat:141:336:4,Hellegat,Hellegat:0:1,141,336,4,1998.0,2012.0,False,end_of_observation
Hellegat:137:349:4,Hellegat,Hellegat:0:1,137,349,4,1998.0,2001.0,True,observed_recovery
Hellegat:137:349:6,Hellegat,Hellegat:0:1,137,349,6,2004.0,2012.0,False,end_of_observation
Hellegat:100:345:4,Hellegat,Hellegat:0:1,100,345,4,1998.0,2012.0,False,end_of_observation
Hellegat:126:342:5,Hellegat,Hellegat:0:1,126,342,5,2001.0,2008.0,True,observed_recovery
Hellegat:126:342:8,Hellegat,Hellegat:0:1,126,342,8,2010.0,2012.0,False,end_of_observation
Hellegat:134:375:5,Hellegat,Hellegat:0:1,134,375,5,2001.0,2012.0,False,end_of_observation
Hellegat:165:400:8,Hellegat,Hellegat:0:1,165,400,8,2010.0,2011.0,True,observed_recovery
Hellegat:175:367:8,Hellegat,Hellegat:0:1,175,367,8,2010.0,2012.0,True,observed_recovery
Hellegat:107:356:1,Hellegat,Hellegat:0:1,107,356,1,1982.0,2012.0,False,end_of_observation
Hellegat:121:345:4,Hellegat,Hellegat:0:1,121,345,4,1998.0,2012.0,False,end_of_observation
Hellegat:128:405:10,Hellegat,Hellegat:0:1,128,405,10,2012.0,2012.0,False,end_of_observation
Hellegat:142:386:3,Hellegat,Hellegat:0:1,142,386,3,1996.0,1998.0,True,observed_recovery
Hellegat:142:386:5,Hellegat,Hellegat:0:1,142,386,5,2001.0,2008.0,True,observed_recovery
Hellegat:142:386:8,Hellegat,Hellegat:0:1,142,386,8,2010.0,2012.0,False,end_of_observation
Hellegat:110:373:2,Hellegat,Hellegat:0:1,110,373,2,1993.0,2012.0,False,end_of_observation
Hellegat:153:603:2,Hellegat,Hellegat:0:2,153,603,2,1993.0,2012.0,False,end_of_observation
Hellegat:130:648:8,Hellegat,Hellegat:0:2,130,648,8,2010.0,2012.0,False,end_of_observation
Hellegat:186:577:1,Hellegat,Hellegat:0:2,186,577,1,1982.0,2012.0,False,end_of_observation
Hellegat:178:676:2,Hellegat,Hellegat:0:2,178,676,2,1993.0,2012.0,False,end_of_observation
Hellegat:185:663:5,Hellegat,Hellegat:0:2,185,663,5,2001.0,2012.0,False,end_of_observation
Hellegat:162:637:2,Hellegat,Hellegat:0:2,162,637,2,1993.0,2012.0,False,end_of_observation
Hellegat:156:686:5,Hellegat,Hellegat:0:2,156,686,5,2001.0,2012.0,False,end_of_observation
Hellegat:176:688:3,Hellegat,Hellegat:0:2,176,688,3,1996.0,2012.0,False,end_of_observation
Hellegat:157:671:2,Hellegat,Hellegat:0:2,157,671,2,1993.0,2012.0,False,end_of_observation
Hellegat:164:868:4,Hellegat,Hellegat:0:3,164,868,4,1998.0,2012.0,False,end_of_observation
Hellegat:141:886:2,Hellegat,Hellegat:0:3,141,886,2,1993.0,2012.0,False,end_of_observation
Hellegat:124:919:5,Hellegat,Hellegat:0:3,124,919,5,2001.0,2012.0,True,observed_recovery
Hellegat:144:852:2,Hellegat,Hellegat:0:3,144,852,2,1993.0,2012.0,False,end_of_observation
Hellegat:139:890:6,Hellegat,Hellegat:0:3,139,890,6,2004.0,2012.0,False,end_of_observation
Hellegat:161:907:2,Hellegat,Hellegat:0:3,161,907,2,1993.0,1996.0,True,observed_recovery
Hellegat:161:907:4,Hellegat,Hellegat:0:3,161,907,4,1998.0,2012.0,False,end_of_observation
Hellegat:145:878:4,Hellegat,Hellegat:0:3,145,878,4,1998.0,2001.0,True,observed_recovery
Hellegat:145:878:6,Hellegat,Hellegat:0:3,145,878,6,2004.0,2012.0,False,end_of_observation
Hellegat:157:873:4,Hellegat,Hellegat:0:3,157,873,4,1998.0,2001.0,True,observed_recovery
Hellegat:157:873:6,Hellegat,Hellegat:0:3,157,873,6,2004.0,2012.0,False,end_of_observation
Hellegat:142:893:4,Hellegat,Hellegat:0:3,142,893,4,1998.0,2012.0,False,end_of_observation
Hellegat:140:885:2,Hellegat,Hellegat:0:3,140,885,2,1993.0,2012.0,False,end_of_observation
Hellegat:328:117:8,Hellegat,Hellegat:1:0,328,117,8,2010.0,2012.0,False,end_of_observation
Hellegat:388:151:8,Hellegat,Hellegat:1:0,388,151,8,2010.0,2011.0,True,observed_recovery
Hellegat:358:135:2,Hellegat,Hellegat:1:0,358,135,2,1993.0,2012.0,False,end_of_observation
Hellegat:371:160:4,Hellegat,Hellegat:1:0,371,160,4,1998.0,2012.0,False,end_of_observation
Hellegat:349:136:3,Hellegat,Hellegat:1:0,349,136,3,1996.0,2008.0,True,observed_recovery
Hellegat:349:136:8,Hellegat,Hellegat:1:0,349,136,8,2010.0,2012.0,True,observed_recovery
Hellegat:361:429:7,Hellegat,Hellegat:1:1,361,429,7,2008.0,2012.0,False,end_of_observation
Hellegat:325:347:4,Hellegat,Hellegat:1:1,325,347,4,1998.0,2012.0,False,end_of_observation
Hellegat:382:443:7,Hellegat,Hellegat:1:1,382,443,7,2008.0,2012.0,False,end_of_observation
Hellegat:325:424:5,Hellegat,Hellegat:1:1,325,424,5,2001.0,2012.0,False,end_of_observation
Hellegat:384:391:8,Hellegat,Hellegat:1:1,384,391,8,2010.0,2012.0,False,end_of_observation
Hellegat:404:623:2,Hellegat,Hellegat:1:2,404,623,2,1993.0,2012.0,False,end_of_observation
Hellegat:404:600:2,Hellegat,Hellegat:1:2,404,600,2,1993.0,1996.0,True,observed_recovery
Hellegat:404:600:4,Hellegat,Hellegat:1:2,404,600,4,1998.0,2012.0,False,end_of_observation
Hellegat:416:638:4,Hellegat,Hellegat:1:2,416,638,4,1998.0,2001.0,True,observed_recovery
Hellegat:416:638:6,Hellegat,Hellegat:1:2,416,638,6,2004.0,2012.0,False,end_of_observation
Hellegat:430:680:1,Hellegat,Hellegat:1:2,430,680,1,1982.0,1996.0,True,observed_recovery
Hellegat:430:680:4,Hellegat,Hellegat:1:2,430,680,4,1998.0,2012.0,False,end_of_observation
Hellegat:430:853:7,Hellegat,Hellegat:1:3,430,853,7,2008.0,2012.0,False,end_of_observation
Hellegat:376:845:1,Hellegat,Hellegat:1:3,376,845,1,1982.0,2012.0,False,end_of_observation
Hellegat:368:842:7,Hellegat,Hellegat:1:3,368,842,7,2008.0,2012.0,False,end_of_observation
Paulina:393:97:2,Paulina,Paulina:1:0,393,97,2,1998.0,2012.0,False,end_of_observation
Paulina:376:80:4,Paulina,Paulina:1:0,376,80,4,2008.0,2012.0,False,end_of_observation
Paulina:374:88:3,Paulina,Paulina:1:0,374,88,3,2001.0,2012.0,False,end_of_observation
Paulina:366:162:4,Paulina,Paulina:1:0,366,162,4,2008.0,2012.0,False,end_of_observation
Paulina:347:87:4,Paulina,Paulina:1:0,347,87,4,2008.0,2012.0,False,end_of_observation
Paulina:366:188:4,Paulina,Paulina:1:0,366,188,4,2008.0,2012.0,False,end_of_observation
Paulina:324:170:4,Paulina,Paulina:1:0,324,170,4,2008.0,2012.0,False,end_of_observation
Paulina:351:100:3,Paulina,Paulina:1:0,351,100,3,2001.0,2012.0,False,end_of_observation
Paulina:343:86:4,Paulina,Paulina:1:0,343,86,4,2008.0,2012.0,False,end_of_observation
Paulina:379:148:4,Paulina,Paulina:1:0,379,148,4,2008.0,2012.0,False,end_of_observation
Paulina:325:158:4,Paulina,Paulina:1:0,325,158,4,2008.0,2012.0,False,end_of_observation
Paulina:377:152:4,Paulina,Paulina:1:0,377,152,4,2008.0,2012.0,False,end_of_observation
Paulina:404:169:4,Paulina,Paulina:1:0,404,169,4,2008.0,2012.0,False,end_of_observation
Paulina:340:145:4,Paulina,Paulina:1:0,340,145,4,2008.0,2012.0,False,end_of_observation
Paulina:389:162:4,Paulina,Paulina:1:0,389,162,4,2008.0,2012.0,False,end_of_observation
Paulina:390:156:4,Paulina,Paulina:1:0,390,156,4,2008.0,2012.0,False,end_of_observation
Paulina:355:173:4,Paulina,Paulina:1:0,355,173,4,2008.0,2011.0,True,observed_recovery
Paulina:355:173:7,Paulina,Paulina:1:0,355,173,7,2012.0,2012.0,False,end_of_observation
Paulina:336:86:4,Paulina,Paulina:1:0,336,86,4,2008.0,2012.0,False,end_of_observation
Paulina:408:85:1,Paulina,Paulina:1:0,408,85,1,1996.0,1998.0,True,observed_recovery
Paulina:408:85:3,Paulina,Paulina:1:0,408,85,3,2001.0,2012.0,False,end_of_observation
Paulina:344:77:3,Paulina,Paulina:1:0,344,77,3,2001.0,2012.0,False,end_of_observation
Paulina:326:118:2,Paulina,Paulina:1:0,326,118,2,1998.0,2012.0,False,end_of_observation
Paulina:363:92:2,Paulina,Paulina:1:0,363,92,2,1998.0,2012.0,False,end_of_observation
Paulina:337:83:4,Paulina,Paulina:1:0,337,83,4,2008.0,2012.0,False,end_of_observation
Paulina:418:347:4,Paulina,Paulina:1:1,418,347,4,2008.0,2012.0,False,end_of_observation
Paulina:431:322:5,Paulina,Paulina:1:1,431,322,5,2010.0,2011.0,True,observed_recovery
Paulina:385:335:2,Paulina,Paulina:1:1,385,335,2,1998.0,2012.0,False,end_of_observation
Paulina:379:334:5,Paulina,Paulina:1:1,379,334,5,2010.0,2012.0,False,end_of_observation
Paulina:446:371:4,Paulina,Paulina:1:1,446,371,4,2008.0,2012.0,False,end_of_observation
Paulina:403:337:1,Paulina,Paulina:1:1,403,337,1,1996.0,2001.0,True,observed_recovery
Paulina:403:337:5,Paulina,Paulina:1:1,403,337,5,2010.0,2012.0,False,end_of_observation
Paulina:390:336:5,Paulina,Paulina:1:1,390,336,5,2010.0,2011.0,True,observed_recovery
Paulina:390:336:7,Paulina,Paulina:1:1,390,336,7,2012.0,2012.0,False,end_of_observation
Paulina:594:120:1,Paulina,Paulina:2:0,594,120,1,1996.0,2012.0,False,end_of_observation
Paulina:668:186:1,Paulina,Paulina:2:0,668,186,1,1996.0,2012.0,False,end_of_observation
Paulina:584:138:1,Paulina,Paulina:2:0,584,138,1,1996.0,2012.0,False,end_of_observation
Paulina:660:338:4,Paulina,Paulina:2:1,660,338,4,2008.0,2012.0,False,end_of_observation
Paulina:607:327:5,Paulina,Paulina:2:1,607,327,5,2010.0,2012.0,False,end_of_observation
Paulina:643:390:2,Paulina,Paulina:2:1,643,390,2,1998.0,2001.0,True,observed_recovery
Paulina:643:390:4,Paulina,Paulina:2:1,643,390,4,2008.0,2012.0,False,end_of_observation
Paulina:608:369:5,Paulina,Paulina:2:1,608,369,5,2010.0,2011.0,True,observed_recovery
Paulina:608:369:7,Paulina,Paulina:2:1,608,369,7,2012.0,2012.0,False,end_of_observation
Paulina:673:390:4,Paulina,Paulina:2:1,673,390,4,2008.0,2012.0,False,end_of_observation
Paulina:620:333:1,Paulina,Paulina:2:1,620,333,1,1996.0,2012.0,False,end_of_observation
Paulina:580:323:1,Paulina,Paulina:2:1,580,323,1,1996.0,2001.0,True,observed_recovery
Paulina:580:323:4,Paulina,Paulina:2:1,580,323,4,2008.0,2012.0,False,end_of_observation
Paulina:648:403:7,Paulina,Paulina:2:1,648,403,7,2012.0,2012.0,False,end_of_observation
Paulina:655:324:1,Paulina,Paulina:2:1,655,324,1,1996.0,1998.0,True,observed_recovery
Paulina:655:324:4,Paulina,Paulina:2:1,655,324,4,2008.0,2012.0,False,end_of_observation
Paulina:616:385:7,Paulina,Paulina:2:1,616,385,7,2012.0,2012.0,False,end_of_observation
Paulina:595:424:1,Paulina,Paulina:2:1,595,424,1,1996.0,1998.0,True,observed_recovery
Paulina:656:407:3,Paulina,Paulina:2:1,656,407,3,2001.0,2012.0,False,end_of_observation
Paulina:675:386:5,Paulina,Paulina:2:1,675,386,5,2010.0,2012.0,False,end_of_observation
Paulina:602:363:7,Paulina,Paulina:2:1,602,363,7,2012.0,2012.0,False,end_of_observation
Paulina:598:324:4,Paulina,Paulina:2:1,598,324,4,2008.0,2012.0,False,end_of_observation
Paulina:613:432:7,Paulina,Paulina:2:1,613,432,7,2012.0,2012.0,False,end_of_observation
Paulina:639:411:3,Paulina,Paulina:2:1,639,411,3,2001.0,2008.0,True,observed_recovery
Paulina:639:411:5,Paulina,Paulina:2:1,639,411,5,2010.0,2011.0,True,observed_recovery
Paulina:616:376:7,Paulina,Paulina:2:1,616,376,7,2012.0,2012.0,False,end_of_observation
Paulina:613:330:4,Paulina,Paulina:2:1,613,330,4,2008.0,2012.0,False,end_of_observation
Paulina:649:583:7,Paulina,Paulina:2:2,649,583,7,2012.0,2012.0,False,end_of_observation
Paulina:650:616:2,Paulina,Paulina:2:2,650,616,2,1998.0,2001.0,True,observed_recovery
Paulina:650:616:4,Paulina,Paulina:2:2,650,616,4,2008.0,2012.0,False,end_of_observation
Paulina:644:609:3,Paulina,Paulina:2:2,644,609,3,2001.0,2012.0,False,end_of_observation
Paulina:691:596:4,Paulina,Paulina:2:2,691,596,4,2008.0,2010.0,True,observed_recovery
Paulina:691:596:7,Paulina,Paulina:2:2,691,596,7,2012.0,2012.0,False,end_of_observation
Paulina:694:593:7,Paulina,Paulina:2:2,694,593,7,2012.0,2012.0,False,end_of_observation
Paulina:834:401:7,Paulina,Paulina:3:1,834,401,7,2012.0,2012.0,False,end_of_observation
Paulina:893:442:4,Paulina,Paulina:3:1,893,442,4,2008.0,2012.0,False,end_of_observation
Paulina:842:380:4,Paulina,Paulina:3:1,842,380,4,2008.0,2012.0,False,end_of_observation
Paulina:865:393:7,Paulina,Paulina:3:1,865,393,7,2012.0,2012.0,False,end_of_observation
Paulina:839:361:5,Paulina,Paulina:3:1,839,361,5,2010.0,2012.0,False,end_of_observation
Paulina:873:433:4,Paulina,Paulina:3:1,873,433,4,2008.0,2012.0,False,end_of_observation
Paulina:863:416:4,Paulina,Paulina:3:1,863,416,4,2008.0,2012.0,False,end_of_observation
Paulina:913:436:1,Paulina,Paulina:3:1,913,436,1,1996.0,2012.0,False,end_of_observation
Paulina:895:411:1,Paulina,Paulina:3:1,895,411,1,1996.0,2012.0,False,end_of_observation
Paulina:895:392:4,Paulina,Paulina:3:1,895,392,4,2008.0,2012.0,False,end_of_observation
Paulina:874:626:2,Paulina,Paulina:3:2,874,626,2,1998.0,2008.0,True,observed_recovery
Paulina:874:626:5,Paulina,Paulina:3:2,874,626,5,2010.0,2012.0,False,end_of_observation
Paulina:869:636:5,Paulina,Paulina:3:2,869,636,5,2010.0,2011.0,True,observed_recovery
Paulina:929:628:1,Paulina,Paulina:3:2,929,628,1,1996.0,2012.0,False,end_of_observation
Paulina:933:629:1,Paulina,Paulina:3:2,933,629,1,1996.0,2012.0,False,end_of_observation
Paulina:881:625:1,Paulina,Paulina:3:2,881,625,1,1996.0,1998.0,True,observed_recovery
Paulina:881:625:4,Paulina,Paulina:3:2,881,625,4,2008.0,2012.0,False,end_of_observation
Paulina:947:675:5,Paulina,Paulina:3:2,947,675,5,2010.0,2012.0,False,end_of_observation
Paulina:957:626:4,Paulina,Paulina:3:2,957,626,4,2008.0,2011.0,True,observed_recovery
Paulina:957:626:7,Paulina,Paulina:3:2,957,626,7,2012.0,2012.0,False,end_of_observation
Paulina:907:640:1,Paulina,Paulina:3:2,907,640,1,1996.0,1998.0,True,observed_recovery
Paulina:907:640:7,Paulina,Paulina:3:2,907,640,7,2012.0,2012.0,False,end_of_observation
Paulina:901:638:1,Paulina,Paulina:3:2,901,638,1,1996.0,1998.0,True,observed_recovery
Paulina:901:638:4,Paulina,Paulina:3:2,901,638,4,2008.0,2012.0,False,end_of_observation
Paulina:860:590:4,Paulina,Paulina:3:2,860,590,4,2008.0,2012.0,False,end_of_observation
Paulina:860:598:1,Paulina,Paulina:3:2,860,598,1,1996.0,1998.0,True,observed_recovery
Paulina:860:598:4,Paulina,Paulina:3:2,860,598,4,2008.0,2012.0,False,end_of_observation
Paulina:877:683:4,Paulina,Paulina:3:2,877,683,4,2008.0,2012.0,False,end_of_observation
Paulina:849:654:5,Paulina,Paulina:3:2,849,654,5,2010.0,2012.0,False,end_of_observation
Paulina:846:582:1,Paulina,Paulina:3:2,846,582,1,1996.0,1998.0,True,observed_recovery
Paulina:846:582:4,Paulina,Paulina:3:2,846,582,4,2008.0,2012.0,False,end_of_observation
Paulina:958:669:7,Paulina,Paulina:3:2,958,669,7,2012.0,2012.0,False,end_of_observation
Paulina:902:653:5,Paulina,Paulina:3:2,902,653,5,2010.0,2012.0,False,end_of_observation
Paulina:901:687:5,Paulina,Paulina:3:2,901,687,5,2010.0,2012.0,False,end_of_observation
Paulina:906:606:1,Paulina,Paulina:3:2,906,606,1,1996.0,2012.0,False,end_of_observation
Paulina:845:629:1,Paulina,Paulina:3:2,845,629,1,1996.0,1998.0,True,observed_recovery
Paulina:845:629:4,Paulina,Paulina:3:2,845,629,4,2008.0,2011.0,True,observed_recovery
Paulina:845:629:7,Paulina,Paulina:3:2,845,629,7,2012.0,2012.0,False,end_of_observation
Paulina:847:643:2,Paulina,Paulina:3:2,847,643,2,1998.0,2001.0,True,observed_recovery
Paulina:847:643:7,Paulina,Paulina:3:2,847,643,7,2012.0,2012.0,False,end_of_observation
Paulina:840:602:1,Paulina,Paulina:3:2,840,602,1,1996.0,1998.0,True,observed_recovery
Paulina:840:602:5,Paulina,Paulina:3:2,840,602,5,2010.0,2011.0,True,observed_recovery
Paulina:895:632:3,Paulina,Paulina:3:2,895,632,3,2001.0,2012.0,False,end_of_observation
Paulina:869:692:5,Paulina,Paulina:3:2,869,692,5,2010.0,2011.0,True,observed_recovery
Paulina:869:692:7,Paulina,Paulina:3:2,869,692,7,2012.0,2012.0,False,end_of_observation
Paulina:873:655:7,Paulina,Paulina:3:2,873,655,7,2012.0,2012.0,False,end_of_observation
Paulina:920:673:4,Paulina,Paulina:3:2,920,673,4,2008.0,2012.0,False,end_of_observation
Paulina:872:669:7,Paulina,Paulina:3:2,872,669,7,2012.0,2012.0,False,end_of_observation
Paulina:957:833:1,Paulina,Paulina:3:3,957,833,1,1996.0,2012.0,False,end_of_observation
Paulina:1117:676:1,Paulina,Paulina:4:2,1117,676,1,1996.0,2001.0,True,observed_recovery
Paulina:1117:676:4,Paulina,Paulina:4:2,1117,676,4,2008.0,2012.0,False,end_of_observation
Paulina:1096:641:2,Paulina,Paulina:4:2,1096,641,2,1998.0,2012.0,False,end_of_observation
Paulina:1112:606:4,Paulina,Paulina:4:2,1112,606,4,2008.0,2012.0,False,end_of_observation
Paulina:1111:609:4,Paulina,Paulina:4:2,1111,609,4,2008.0,2012.0,False,end_of_observation
Paulina:1114:586:1,Paulina,Paulina:4:2,1114,586,1,1996.0,2012.0,False,end_of_observation
Paulina:1100:604:4,Paulina,Paulina:4:2,1100,604,4,2008.0,2012.0,False,end_of_observation
Paulina:1119:614:4,Paulina,Paulina:4:2,1119,614,4,2008.0,2012.0,False,end_of_observation
Paulina:1091:629:4,Paulina,Paulina:4:2,1091,629,4,2008.0,2012.0,False,end_of_observation
Paulina:1098:854:4,Paulina,Paulina:4:3,1098,854,4,2008.0,2012.0,False,end_of_observation
Paulina:1089:936:1,Paulina,Paulina:4:3,1089,936,1,1996.0,1998.0,True,observed_recovery
Paulina:1110:880:1,Paulina,Paulina:4:3,1110,880,1,1996.0,2012.0,False,end_of_observation
Paulina:1098:844:7,Paulina,Paulina:4:3,1098,844,7,2012.0,2012.0,False,end_of_observation
Paulina:1102:856:7,Paulina,Paulina:4:3,1102,856,7,2012.0,2012.0,False,end_of_observation
Paulina:1099:914:4,Paulina,Paulina:4:3,1099,914,4,2008.0,2011.0,True,observed_recovery
Paulina:1097:865:1,Paulina,Paulina:4:3,1097,865,1,1996.0,1998.0,True,observed_recovery
Paulina:1097:865:4,Paulina,Paulina:4:3,1097,865,4,2008.0,2012.0,False,end_of_observation
Paulina:1091:917:5,Paulina,Paulina:4:3,1091,917,5,2010.0,2012.0,False,end_of_observation
Paulina:1120:870:4,Paulina,Paulina:4:3,1120,870,4,2008.0,2012.0,False,end_of_observation
Paulina:1094:936:5,Paulina,Paulina:4:3,1094,936,5,2010.0,2012.0,False,end_of_observation
Paulina:1111:874:4,Paulina,Paulina:4:3,1111,874,4,2008.0,2012.0,False,end_of_observation
Paulina:1115:927:1,Paulina,Paulina:4:3,1115,927,1,1996.0,2001.0,True,observed_recovery
Paulina:1115:927:4,Paulina,Paulina:4:3,1115,927,4,2008.0,2012.0,False,end_of_observation
Paulina:1121:945:1,Paulina,Paulina:4:3,1121,945,1,1996.0,1998.0,True,observed_recovery
Paulina:1121:945:5,Paulina,Paulina:4:3,1121,945,5,2010.0,2012.0,False,end_of_observation
Paulina:1094:938:5,Paulina,Paulina:4:3,1094,938,5,2010.0,2012.0,False,end_of_observation
Paulina:1108:877:1,Paulina,Paulina:4:3,1108,877,1,1996.0,2001.0,True,observed_recovery
Paulina:1108:877:4,Paulina,Paulina:4:3,1108,877,4,2008.0,2012.0,False,end_of_observation
Paulina:1101:840:5,Paulina,Paulina:4:3,1101,840,5,2010.0,2012.0,False,end_of_observation
Paulina:1116:913:4,Paulina,Paulina:4:3,1116,913,4,2008.0,2012.0,False,end_of_observation
Paulina:1110:930:4,Paulina,Paulina:4:3,1110,930,4,2008.0,2012.0,False,end_of_observation
Paulina:1104:856:7,Paulina,Paulina:4:3,1104,856,7,2012.0,2012.0,False,end_of_observation
Paulina:1089:871:1,Paulina,Paulina:4:3,1089,871,1,1996.0,2001.0,True,observed_recovery
Paulina:1089:871:4,Paulina,Paulina:4:3,1089,871,4,2008.0,2012.0,False,end_of_observation
Paulina:1114:906:4,Paulina,Paulina:4:3,1114,906,4,2008.0,2012.0,False,end_of_observation
Paulina:1105:911:1,Paulina,Paulina:4:3,1105,911,1,1996.0,1998.0,True,observed_recovery
Paulina:1105:911:4,Paulina,Paulina:4:3,1105,911,4,2008.0,2012.0,False,end_of_observation
