metric,metric_role,year_adjusted_slope,one_sided_block_permutation_p,spearman_rho,spearman_p,positive_direction
spatial_sd,published_spatial_ews,0.29908168228993065,0.001,0.7447027000333422,1.0208642804938472e-06,True
spatial_cv,published_spatial_ews,0.008397738933178281,0.001,0.8234111154840206,7.17178747686555e-09,True
spatial_skewness,published_spatial_ews,0.057420997980388695,0.001,0.8567108297131538,3.9490742903486005e-10,True
moran_lag1,published_spatial_ews,0.0023130861211329286,0.02,0.43289628497873145,0.013333063003136685,True
low_frequency_power,published_spatial_ews,28.438021489180922,0.293,0.6326945703535306,0.0001021120417065087,True
turf_fraction,patch_explanation,0.00765,0.001,0.882847050151237,2.3101210604619998e-11,True
component_density,patch_explanation,0.0002,0.181,0.22715948529396307,0.21118794037215102,True
largest_turf_patch_fraction,patch_explanation,0.005706666666666667,0.002,0.82439384197572,6.642166619218806e-09,True
edge_density,patch_explanation,0.003439622641509434,0.001,0.8195464699307701,9.653882266567013e-09,True
