sid,name,outcome,pair_id,endpoint_time,endpoint_type,observation_time,hours_to_endpoint,center_lat,center_lon,vorticity_850_mean_s1__300km,rh_600_850_mean_pct__300km,shear_200_850_ms__300km,vorticity_850_mean_s1__500km,rh_600_850_mean_pct__500km,shear_200_850_ms__500km
2017247N16132,GUCHOL,0,4,2017-09-06T12:00:00+00:00,72h_after_first_track,2017-09-03 12:00:00+00:00,-72,16.0,132.4,1.6408152316571763e-05,85.45392781184874,8.500077589715248,1.4323557526980207e-05,77.66349478483117,7.380919154426424
2017247N16132,GUCHOL,0,4,2017-09-06T12:00:00+00:00,72h_after_first_track,2017-09-04 12:00:00+00:00,-48,16.4,125.9,5.328286973499676e-05,83.45408055881614,7.059425287621711,2.350892577482866e-05,79.46507910322778,8.755639632303582
2017247N16132,GUCHOL,0,4,2017-09-06T12:00:00+00:00,72h_after_first_track,2017-09-05 12:00:00+00:00,-24,19.7,122.6,7.193895095534062e-05,79.28074686750527,16.07670937974459,2.823487546804039e-05,76.68626669606253,16.703568369835548
2017247N16132,GUCHOL,0,4,2017-09-06T12:00:00+00:00,72h_after_first_track,2017-09-06 09:00:00+00:00,-3,21.2,120.1,3.0270152263043645e-05,75.24431009141773,13.299479710155374,1.2190335433299072e-05,72.85341271882976,13.973263835807009
2018234N22119,UNNAMED,0,3,2018-08-25T00:00:00+00:00,72h_after_first_track,2018-08-22 00:00:00+00:00,-72,22.2,118.7,5.586044739851453e-05,88.14344003941108,5.519657147478288,2.8930253076006893e-05,83.02865075140498,8.243448924228582
2018234N22119,UNNAMED,0,3,2018-08-25T00:00:00+00:00,72h_after_first_track,2018-08-23 00:00:00+00:00,-48,22.8,120.5,8.10298664268057e-05,84.74105164973246,9.410550558159482,3.3246830004380506e-05,77.73495733146636,10.716049676623518
2018234N22119,UNNAMED,0,3,2018-08-25T00:00:00+00:00,72h_after_first_track,2018-08-24 00:00:00+00:00,-24,24.3,120.3,8.639841884252328e-05,87.28164149053119,3.2705629630348088,4.3491404220703466e-05,82.41852181247617,4.893091098634505
2018234N22119,UNNAMED,0,3,2018-08-25T00:00:00+00:00,72h_after_first_track,2018-08-24 21:00:00+00:00,-3,25.0,119.7,7.12654911421057e-05,90.91402386184296,4.0859208697888,4.0510905124228616e-05,85.42967389319098,4.807230431584833
2019195N13136,DANAS,1,1,2019-07-17T12:00:00+00:00,first_US_TS_or_34kt,2019-07-14 12:00:00+00:00,-72,14.2,134.5,3.9816791370200815e-05,91.77486654996333,11.005147464003237,3.649787688547253e-05,87.54682404054229,10.089428618990778
2019195N13136,DANAS,1,1,2019-07-17T12:00:00+00:00,first_US_TS_or_34kt,2019-07-15 12:00:00+00:00,-48,16.8,130.1,5.647300499107412e-05,86.61373138337471,3.6274952726488756,5.3499733360435134e-05,85.27755964131161,4.908732750957616
2019195N13136,DANAS,1,1,2019-07-17T12:00:00+00:00,first_US_TS_or_34kt,2019-07-16 12:00:00+00:00,-24,17.2,123.8,8.523985120376434e-05,85.87530726786218,13.078441196965306,5.5248657807898915e-05,85.48853175083813,14.219821023497108
2019195N13136,DANAS,1,1,2019-07-17T12:00:00+00:00,first_US_TS_or_34kt,2019-07-17 09:00:00+00:00,-3,19.7,123.9,7.584280076787522e-05,82.31008937279825,11.821131063512386,4.828465112595679e-05,82.04749324835934,10.930744362593805
2019231N13135,BAILU,1,2,2019-08-22T00:00:00+00:00,first_US_TS_or_34kt,2019-08-19 00:00:00+00:00,-72,12.6,135.1,4.453142140746562e-05,83.40188495368614,17.818892679005042,2.9382509644991323e-05,85.12690252631558,15.770428604076047
2019231N13135,BAILU,1,2,2019-08-22T00:00:00+00:00,first_US_TS_or_34kt,2019-08-20 00:00:00+00:00,-48,13.5,133.8,5.45188918538068e-05,87.02640984936941,11.583072569436677,3.395883368238033e-05,84.82032736828613,11.664354995032584
2019231N13135,BAILU,1,2,2019-08-22T00:00:00+00:00,first_US_TS_or_34kt,2019-08-21 00:00:00+00:00,-24,14.6,132.4,8.33741763499084e-05,88.29557033368773,3.8668671973065822,4.974700077705792e-05,87.17501709599905,5.945681349350984
2019231N13135,BAILU,1,2,2019-08-22T00:00:00+00:00,first_US_TS_or_34kt,2019-08-21 21:00:00+00:00,-3,15.7,129.6,0.00010090215553617998,84.65477384700854,5.071157460470792,5.825379665320874e-05,82.05972949824975,6.104130574659393
2019236N08143,PODUL,1,3,2019-08-28T00:00:00+00:00,first_US_TS_or_34kt,2019-08-25 00:00:00+00:00,-72,11.1,137.7,4.854671815707792e-05,90.14507510669819,4.160710752988515,4.143651135710647e-05,87.61366752098284,6.652091648674569
2019236N08143,PODUL,1,3,2019-08-28T00:00:00+00:00,first_US_TS_or_34kt,2019-08-26 00:00:00+00:00,-48,12.9,132.5,7.887372257470102e-05,87.43341639931566,8.694973644782749,5.006435833584878e-05,85.00165473326469,10.755566657808947
2019236N08143,PODUL,1,3,2019-08-28T00:00:00+00:00,first_US_TS_or_34kt,2019-08-27 00:00:00+00:00,-24,14.6,126.5,8.186848050139334e-05,87.42289342921121,8.807672546159818,5.7852465770734814e-05,84.47370457873515,10.881131168918907
2019236N08143,PODUL,1,3,2019-08-28T00:00:00+00:00,first_US_TS_or_34kt,2019-08-27 21:00:00+00:00,-3,16.5,119.2,9.411378083059994e-05,89.05601168207761,7.0611456209702474,5.130209117557041e-05,85.68569479993778,9.810994714610423
2019243N06136,LINGLING,1,4,2019-09-02T06:00:00+00:00,first_US_TS_or_34kt,2019-08-30 06:00:00+00:00,-72,6.4,136.0,2.53279025152553e-05,90.98324064576424,5.473603809632758,1.6799527341423248e-05,86.85613708105552,4.028408176691976
2019243N06136,LINGLING,1,4,2019-09-02T06:00:00+00:00,first_US_TS_or_34kt,2019-08-31 06:00:00+00:00,-48,7.0,132.8,4.327923634835925e-05,89.07752194726415,2.7228515821519754,2.411069426858131e-05,86.1788122342736,4.45264143129841
2019243N06136,LINGLING,1,4,2019-09-02T06:00:00+00:00,first_US_TS_or_34kt,2019-09-01 06:00:00+00:00,-24,12.2,128.8,6.604029772706041e-05,89.71389167415248,3.069373728881713,2.9618531453235457e-05,85.32969222573453,4.260156532243155
2019243N06136,LINGLING,1,4,2019-09-02T06:00:00+00:00,first_US_TS_or_34kt,2019-09-02 03:00:00+00:00,-3,16.1,125.4,8.476712896956342e-05,90.70142512535104,4.069730437883185,3.362371483139921e-05,85.34059045577084,3.6059570278996844
2019268N10155,MITAG,1,5,2019-09-27T12:00:00+00:00,first_US_TS_or_34kt,2019-09-24 12:00:00+00:00,-72,9.6,155.0,2.1371038785622144e-06,80.16515025224366,15.569820358859532,3.6725971753336164e-06,79.9487182986869,14.716721652003923
2019268N10155,MITAG,1,5,2019-09-27T12:00:00+00:00,first_US_TS_or_34kt,2019-09-25 12:00:00+00:00,-48,10.7,151.0,2.247597388009438e-05,85.55199871004204,8.296772527030724,1.1682190706835844e-05,81.64100957880662,9.161061445076166
2019268N10155,MITAG,1,5,2019-09-27T12:00:00+00:00,first_US_TS_or_34kt,2019-09-26 12:00:00+00:00,-24,12.3,143.2,4.65027873226936e-05,83.4072191869318,8.888212791790059,2.3716079260840307e-05,77.69721463860633,9.030171225662304
2019268N10155,MITAG,1,5,2019-09-27T12:00:00+00:00,first_US_TS_or_34kt,2019-09-27 09:00:00+00:00,-3,14.0,136.6,6.647513775940924e-05,85.6713668079697,8.00204132601702,3.239706979702864e-05,76.3882331068662,8.798109292019989
2020293N23139,UNNAMED,0,5,2020-10-22T06:00:00+00:00,72h_after_first_track,2020-10-19 06:00:00+00:00,-72,22.6,139.4,3.461349046794695e-05,84.93690710161599,12.85315679555504,8.991945956709341e-07,80.34848891383011,14.74939125438682
2020293N23139,UNNAMED,0,5,2020-10-22T06:00:00+00:00,72h_after_first_track,2020-10-20 06:00:00+00:00,-48,24.9,139.0,4.091892251559698e-05,87.8345157284662,16.795201276919858,1.3364975237524898e-05,78.00102848966667,17.761822711692368
2020293N23139,UNNAMED,0,5,2020-10-22T06:00:00+00:00,72h_after_first_track,2020-10-21 06:00:00+00:00,-24,24.6,139.7,3.675914612219496e-05,70.01680350280746,19.194388096937157,1.4172861075073023e-05,62.35533610205895,19.441392950838345
2020293N23139,UNNAMED,0,5,2020-10-22T06:00:00+00:00,72h_after_first_track,2020-10-22 03:00:00+00:00,-3,25.6,139.3,3.621165278235736e-05,61.051708270355654,23.818207513392174,7.680915864260732e-06,59.275519744922384,21.040609032117032
2021185N13121,UNNAMED,0,1,2021-07-06T18:00:00+00:00,72h_after_first_track,2021-07-03 18:00:00+00:00,-72,13.0,121.2,5.088058454021975e-05,89.94053735565326,9.773749615495962,2.1950376566922913e-05,85.85946732434418,11.208122329784375
2021185N13121,UNNAMED,0,1,2021-07-06T18:00:00+00:00,72h_after_first_track,2021-07-04 18:00:00+00:00,-48,14.9,116.3,5.743496327327923e-05,82.79365752705786,1.8002020467647968,2.8019963562512102e-05,78.90072680147466,6.038589026499155
2021185N13121,UNNAMED,0,1,2021-07-06T18:00:00+00:00,72h_after_first_track,2021-07-05 18:00:00+00:00,-24,15.3,112.5,6.899625103206781e-05,86.03890633137088,1.8440968695879774,3.3686596751541115e-05,79.14122658140066,4.993226800317892
2021185N13121,UNNAMED,0,1,2021-07-06T18:00:00+00:00,72h_after_first_track,2021-07-06 15:00:00+00:00,-3,17.2,111.5,7.879803843004195e-05,82.15095115914674,17.668416748788978,3.298272121827496e-05,81.32020319918904,16.583519018228067
2022208N15143,SONGDA,0,2,2022-07-29T12:00:00+00:00,72h_after_first_track,2022-07-26 12:00:00+00:00,-72,14.9,143.3,4.090155632823187e-05,84.93356874348258,11.57624562085016,2.1787160971515485e-05,83.00466874535151,11.10005494797237
2022208N15143,SONGDA,0,2,2022-07-29T12:00:00+00:00,72h_after_first_track,2022-07-27 12:00:00+00:00,-48,17.5,141.0,6.345126771139235e-05,86.9970746051564,8.96092125053816,3.173897338849651e-05,82.2322116525855,8.29179204984982
2022208N15143,SONGDA,0,2,2022-07-29T12:00:00+00:00,72h_after_first_track,2022-07-28 12:00:00+00:00,-24,22.5,139.1,3.78690735434536e-05,84.32594231607567,6.053835780596151,1.8173964033267043e-05,85.13381578734534,6.764538698897062
2022208N15143,SONGDA,0,2,2022-07-29T12:00:00+00:00,72h_after_first_track,2022-07-29 09:00:00+00:00,-3,29.6,130.9,5.4861426815293526e-05,84.53033317462258,1.4306540803391543,2.145238687142936e-05,80.41221660598565,2.9594939203566226
