sid,observation_time,variable,bucket,object_key,object_size_bytes,object_etag,access_date
2017247N16132,2017-09-03T12:00:00+00:00,r,nsf-ncar-era5,e5.oper.an.pl/201709/e5.oper.an.pl.128_157_r.ll025sc.2017090300_2017090323.nc,1459582442,9fe91b69ef179b739db2eac410c807af-3,2026-08-02
2017247N16132,2017-09-03T12:00:00+00:00,u,nsf-ncar-era5,e5.oper.an.pl/201709/e5.oper.an.pl.128_131_u.ll025uv.2017090300_2017090323.nc,1564359925,654733913d9986497ed0ec94efa107d1-4,2026-08-02
2017247N16132,2017-09-03T12:00:00+00:00,v,nsf-ncar-era5,e5.oper.an.pl/201709/e5.oper.an.pl.128_132_v.ll025uv.2017090300_2017090323.nc,1713738916,94ec42acd56a14d83c6a0e10ac7f56ab-4,2026-08-02
2017247N16132,2017-09-04T12:00:00+00:00,r,nsf-ncar-era5,e5.oper.an.pl/201709/e5.oper.an.pl.128_157_r.ll025sc.2017090400_2017090423.nc,1463587136,24288aacfc64ee7c359a2bb4c90d52bc-3,2026-08-02
2017247N16132,2017-09-04T12:00:00+00:00,u,nsf-ncar-era5,e5.oper.an.pl/201709/e5.oper.an.pl.128_131_u.ll025uv.2017090400_2017090423.nc,1564987765,f2cabd6a01eeee5bd51e03fcee8d1a02-4,2026-08-02
2017247N16132,2017-09-04T12:00:00+00:00,v,nsf-ncar-era5,e5.oper.an.pl/201709/e5.oper.an.pl.128_132_v.ll025uv.2017090400_2017090423.nc,1711732651,f85a2593ede62f48bc725d9fa18d475d-4,2026-08-02
2017247N16132,2017-09-05T12:00:00+00:00,r,nsf-ncar-era5,e5.oper.an.pl/201709/e5.oper.an.pl.128_157_r.ll025sc.2017090500_2017090523.nc,1460324034,1b2e5317189ed9d970c8150ff94ca50e-3,2026-08-02
2017247N16132,2017-09-05T12:00:00+00:00,u,nsf-ncar-era5,e5.oper.an.pl/201709/e5.oper.an.pl.128_131_u.ll025uv.2017090500_2017090523.nc,1566997212,e6d03d87ac14ab5a4e59ae8ec2d5591a-4,2026-08-02
2017247N16132,2017-09-05T12:00:00+00:00,v,nsf-ncar-era5,e5.oper.an.pl/201709/e5.oper.an.pl.128_132_v.ll025uv.2017090500_2017090523.nc,1703296016,bdfb26abf0135f9195aeb36330e79c5c-4,2026-08-02
2017247N16132,2017-09-06T09:00:00+00:00,r,nsf-ncar-era5,e5.oper.an.pl/201709/e5.oper.an.pl.128_157_r.ll025sc.2017090600_2017090623.nc,1440803464,1d85ca2b3fa7d7df5f02277594924a27-3,2026-08-02
2017247N16132,2017-09-06T09:00:00+00:00,u,nsf-ncar-era5,e5.oper.an.pl/201709/e5.oper.an.pl.128_131_u.ll025uv.2017090600_2017090623.nc,1559788788,28ae6074c7a62aa23d403501c14c44d0-4,2026-08-02
2017247N16132,2017-09-06T09:00:00+00:00,v,nsf-ncar-era5,e5.oper.an.pl/201709/e5.oper.an.pl.128_132_v.ll025uv.2017090600_2017090623.nc,1697773611,ac5aaeea45e4cd42d0c2f70b138cb6f5-4,2026-08-02
2018234N22119,2018-08-22T00:00:00+00:00,r,nsf-ncar-era5,e5.oper.an.pl/201808/e5.oper.an.pl.128_157_r.ll025sc.2018082200_2018082223.nc,1421765462,3b8542448cb87cc79ac62e228ff3e54c-3,2026-08-02
2018234N22119,2018-08-22T00:00:00+00:00,u,nsf-ncar-era5,e5.oper.an.pl/201808/e5.oper.an.pl.128_131_u.ll025uv.2018082200_2018082223.nc,1543557490,863ed47e30be7274169faeac614582ca-4,2026-08-02
2018234N22119,2018-08-22T00:00:00+00:00,v,nsf-ncar-era5,e5.oper.an.pl/201808/e5.oper.an.pl.128_132_v.ll025uv.2018082200_2018082223.nc,1692681487,bf7abf1a892cd5d18681977b23d0fb16-4,2026-08-02
2018234N22119,2018-08-23T00:00:00+00:00,r,nsf-ncar-era5,e5.oper.an.pl/201808/e5.oper.an.pl.128_157_r.ll025sc.2018082300_2018082323.nc,1417122531,1952a5c72b253fc07b3e82180c83b4a2-3,2026-08-02
2018234N22119,2018-08-23T00:00:00+00:00,u,nsf-ncar-era5,e5.oper.an.pl/201808/e5.oper.an.pl.128_131_u.ll025uv.2018082300_2018082323.nc,1548722562,169b97a2de1c13c674bd8d7afc4d2268-4,2026-08-02
2018234N22119,2018-08-23T00:00:00+00:00,v,nsf-ncar-era5,e5.oper.an.pl/201808/e5.oper.an.pl.128_132_v.ll025uv.2018082300_2018082323.nc,1687031835,af7812d4df068526e8076becdcd53464-4,2026-08-02
2018234N22119,2018-08-24T00:00:00+00:00,r,nsf-ncar-era5,e5.oper.an.pl/201808/e5.oper.an.pl.128_157_r.ll025sc.2018082400_2018082423.nc,1427540886,972bf0f81258fb0fc7e949802cb97029-3,2026-08-02
2018234N22119,2018-08-24T00:00:00+00:00,u,nsf-ncar-era5,e5.oper.an.pl/201808/e5.oper.an.pl.128_131_u.ll025uv.2018082400_2018082423.nc,1554382904,cafcf1a0dbe3ce977604086c9714777d-4,2026-08-02
2018234N22119,2018-08-24T00:00:00+00:00,v,nsf-ncar-era5,e5.oper.an.pl/201808/e5.oper.an.pl.128_132_v.ll025uv.2018082400_2018082423.nc,1683733355,847ecf4c7b9b2ed8a8b8b2bcf1d9694b-4,2026-08-02
2018234N22119,2018-08-24T21:00:00+00:00,r,nsf-ncar-era5,e5.oper.an.pl/201808/e5.oper.an.pl.128_157_r.ll025sc.2018082400_2018082423.nc,1427540886,972bf0f81258fb0fc7e949802cb97029-3,2026-08-02
2018234N22119,2018-08-24T21:00:00+00:00,u,nsf-ncar-era5,e5.oper.an.pl/201808/e5.oper.an.pl.128_131_u.ll025uv.2018082400_2018082423.nc,1554382904,cafcf1a0dbe3ce977604086c9714777d-4,2026-08-02
2018234N22119,2018-08-24T21:00:00+00:00,v,nsf-ncar-era5,e5.oper.an.pl/201808/e5.oper.an.pl.128_132_v.ll025uv.2018082400_2018082423.nc,1683733355,847ecf4c7b9b2ed8a8b8b2bcf1d9694b-4,2026-08-02
2019195N13136,2019-07-14T12:00:00+00:00,r,nsf-ncar-era5,e5.oper.an.pl/201907/e5.oper.an.pl.128_157_r.ll025sc.2019071400_2019071423.nc,1379729940,aa3f02d65cd4f7972dfce5d7fb247b90-165,2026-08-02
2019195N13136,2019-07-14T12:00:00+00:00,u,nsf-ncar-era5,e5.oper.an.pl/201907/e5.oper.an.pl.128_131_u.ll025uv.2019071400_2019071423.nc,1551438298,e2a568e4fc499d73c07dd98776fd5def-185,2026-08-02
2019195N13136,2019-07-14T12:00:00+00:00,v,nsf-ncar-era5,e5.oper.an.pl/201907/e5.oper.an.pl.128_132_v.ll025uv.2019071400_2019071423.nc,1703882555,9c7e7ee017cc4214b727e412413c970f-204,2026-08-02
2019195N13136,2019-07-15T12:00:00+00:00,r,nsf-ncar-era5,e5.oper.an.pl/201907/e5.oper.an.pl.128_157_r.ll025sc.2019071500_2019071523.nc,1383286202,1a690d97ca525678c0391d422c7141d4-165,2026-08-02
2019195N13136,2019-07-15T12:00:00+00:00,u,nsf-ncar-era5,e5.oper.an.pl/201907/e5.oper.an.pl.128_131_u.ll025uv.2019071500_2019071523.nc,1548575032,04e570034ebbc1ac8ab06eb7110e5644-185,2026-08-02
2019195N13136,2019-07-15T12:00:00+00:00,v,nsf-ncar-era5,e5.oper.an.pl/201907/e5.oper.an.pl.128_132_v.ll025uv.2019071500_2019071523.nc,1716857090,ddf8726e9ea0010d155051a1e68d7914-205,2026-08-02
2019195N13136,2019-07-16T12:00:00+00:00,r,nsf-ncar-era5,e5.oper.an.pl/201907/e5.oper.an.pl.128_157_r.ll025sc.2019071600_2019071623.nc,1386896348,7106b4970e72d18fecfac23385c0d7c2-166,2026-08-02
2019195N13136,2019-07-16T12:00:00+00:00,u,nsf-ncar-era5,e5.oper.an.pl/201907/e5.oper.an.pl.128_131_u.ll025uv.2019071600_2019071623.nc,1544901447,c292f833925edb52a067bb8d52c46afc-185,2026-08-02
2019195N13136,2019-07-16T12:00:00+00:00,v,nsf-ncar-era5,e5.oper.an.pl/201907/e5.oper.an.pl.128_132_v.ll025uv.2019071600_2019071623.nc,1699206581,8c1fbba463156a76ce8bc96f6bb6c0c8-203,2026-08-02
2019195N13136,2019-07-17T09:00:00+00:00,r,nsf-ncar-era5,e5.oper.an.pl/201907/e5.oper.an.pl.128_157_r.ll025sc.2019071700_2019071723.nc,1391702555,d675d4a9b6f18b7dfd6bbb9ade6be33c-166,2026-08-02
2019195N13136,2019-07-17T09:00:00+00:00,u,nsf-ncar-era5,e5.oper.an.pl/201907/e5.oper.an.pl.128_131_u.ll025uv.2019071700_2019071723.nc,1547468010,103a8d78c62ff510ad87da2597b341f4-185,2026-08-02
2019195N13136,2019-07-17T09:00:00+00:00,v,nsf-ncar-era5,e5.oper.an.pl/201907/e5.oper.an.pl.128_132_v.ll025uv.2019071700_2019071723.nc,1691050835,42feb8490fdfd4e9caf0c42aa102a130-202,2026-08-02
2019231N13135,2019-08-19T00:00:00+00:00,r,nsf-ncar-era5,e5.oper.an.pl/201908/e5.oper.an.pl.128_157_r.ll025sc.2019081900_2019081923.nc,1396616121,7f8c1c5b691ed8a2bd57c961e3161e27-167,2026-08-02
2019231N13135,2019-08-19T00:00:00+00:00,u,nsf-ncar-era5,e5.oper.an.pl/201908/e5.oper.an.pl.128_131_u.ll025uv.2019081900_2019081923.nc,1559644139,f5312f511b76ba249268c7407b6b8a61-186,2026-08-02
2019231N13135,2019-08-19T00:00:00+00:00,v,nsf-ncar-era5,e5.oper.an.pl/201908/e5.oper.an.pl.128_132_v.ll025uv.2019081900_2019081923.nc,1688752939,de41308548a43c4f67de3c0646f6a645-202,2026-08-02
2019231N13135,2019-08-20T00:00:00+00:00,r,nsf-ncar-era5,e5.oper.an.pl/201908/e5.oper.an.pl.128_157_r.ll025sc.2019082000_2019082023.nc,1394115481,6a0728335f1ae76330f2c6331fa59681-167,2026-08-02
2019231N13135,2019-08-20T00:00:00+00:00,u,nsf-ncar-era5,e5.oper.an.pl/201908/e5.oper.an.pl.128_131_u.ll025uv.2019082000_2019082023.nc,1557741465,1ab5dafc2efca65107900404cfd1745f-186,2026-08-02
2019231N13135,2019-08-20T00:00:00+00:00,v,nsf-ncar-era5,e5.oper.an.pl/201908/e5.oper.an.pl.128_132_v.ll025uv.2019082000_2019082023.nc,1688285983,f6efba4fc2351a49f82c8e8637114673-202,2026-08-02
2019231N13135,2019-08-21T00:00:00+00:00,r,nsf-ncar-era5,e5.oper.an.pl/201908/e5.oper.an.pl.128_157_r.ll025sc.2019082100_2019082123.nc,1394739790,f39ee0c0461e5dd977f86b2309ac7576-167,2026-08-02
2019231N13135,2019-08-21T00:00:00+00:00,u,nsf-ncar-era5,e5.oper.an.pl/201908/e5.oper.an.pl.128_131_u.ll025uv.2019082100_2019082123.nc,1568187403,38afb4f67207a961f73cdf00efa4fa1d-187,2026-08-02
2019231N13135,2019-08-21T00:00:00+00:00,v,nsf-ncar-era5,e5.oper.an.pl/201908/e5.oper.an.pl.128_132_v.ll025uv.2019082100_2019082123.nc,1675873528,f1e437e3dbdebe90da3b2081723b6cca-200,2026-08-02
2019231N13135,2019-08-21T21:00:00+00:00,r,nsf-ncar-era5,e5.oper.an.pl/201908/e5.oper.an.pl.128_157_r.ll025sc.2019082100_2019082123.nc,1394739790,f39ee0c0461e5dd977f86b2309ac7576-167,2026-08-02
2019231N13135,2019-08-21T21:00:00+00:00,u,nsf-ncar-era5,e5.oper.an.pl/201908/e5.oper.an.pl.128_131_u.ll025uv.2019082100_2019082123.nc,1568187403,38afb4f67207a961f73cdf00efa4fa1d-187,2026-08-02
2019231N13135,2019-08-21T21:00:00+00:00,v,nsf-ncar-era5,e5.oper.an.pl/201908/e5.oper.an.pl.128_132_v.ll025uv.2019082100_2019082123.nc,1675873528,f1e437e3dbdebe90da3b2081723b6cca-200,2026-08-02
2019236N08143,2019-08-25T00:00:00+00:00,r,nsf-ncar-era5,e5.oper.an.pl/201908/e5.oper.an.pl.128_157_r.ll025sc.2019082500_2019082523.nc,1415188947,0b0653c1748ebcead68d74b647630fab-169,2026-08-02
2019236N08143,2019-08-25T00:00:00+00:00,u,nsf-ncar-era5,e5.oper.an.pl/201908/e5.oper.an.pl.128_131_u.ll025uv.2019082500_2019082523.nc,1552661388,d2277a292756dc04594088392710fb47-186,2026-08-02
2019236N08143,2019-08-25T00:00:00+00:00,v,nsf-ncar-era5,e5.oper.an.pl/201908/e5.oper.an.pl.128_132_v.ll025uv.2019082500_2019082523.nc,1697674255,2134dc5b323590f5ad1c175dfe1d6a4f-203,2026-08-02
2019236N08143,2019-08-26T00:00:00+00:00,r,nsf-ncar-era5,e5.oper.an.pl/201908/e5.oper.an.pl.128_157_r.ll025sc.2019082600_2019082623.nc,1427476584,8e207e32bf392930b16157c05e4dd75a-171,2026-08-02
2019236N08143,2019-08-26T00:00:00+00:00,u,nsf-ncar-era5,e5.oper.an.pl/201908/e5.oper.an.pl.128_131_u.ll025uv.2019082600_2019082623.nc,1552214670,ea92f1e06145882eca258a5fbc91d4d2-186,2026-08-02
2019236N08143,2019-08-26T00:00:00+00:00,v,nsf-ncar-era5,e5.oper.an.pl/201908/e5.oper.an.pl.128_132_v.ll025uv.2019082600_2019082623.nc,1697905578,26467f6ad130f5df71543542d26e8cff-203,2026-08-02
2019236N08143,2019-08-27T00:00:00+00:00,r,nsf-ncar-era5,e5.oper.an.pl/201908/e5.oper.an.pl.128_157_r.ll025sc.2019082700_2019082723.nc,1431798288,10df0024a6681cb49d2c6d60c91728a0-171,2026-08-02
2019236N08143,2019-08-27T00:00:00+00:00,u,nsf-ncar-era5,e5.oper.an.pl/201908/e5.oper.an.pl.128_131_u.ll025uv.2019082700_2019082723.nc,1564459539,cc6332f8dbf8d09706198d51131cbc72-187,2026-08-02
2019236N08143,2019-08-27T00:00:00+00:00,v,nsf-ncar-era5,e5.oper.an.pl/201908/e5.oper.an.pl.128_132_v.ll025uv.2019082700_2019082723.nc,1691670178,3450d59c3ee219f9d851c70a15dcff55-202,2026-08-02
2019236N08143,2019-08-27T21:00:00+00:00,r,nsf-ncar-era5,e5.oper.an.pl/201908/e5.oper.an.pl.128_157_r.ll025sc.2019082700_2019082723.nc,1431798288,10df0024a6681cb49d2c6d60c91728a0-171,2026-08-02
2019236N08143,2019-08-27T21:00:00+00:00,u,nsf-ncar-era5,e5.oper.an.pl/201908/e5.oper.an.pl.128_131_u.ll025uv.2019082700_2019082723.nc,1564459539,cc6332f8dbf8d09706198d51131cbc72-187,2026-08-02
2019236N08143,2019-08-27T21:00:00+00:00,v,nsf-ncar-era5,e5.oper.an.pl/201908/e5.oper.an.pl.128_132_v.ll025uv.2019082700_2019082723.nc,1691670178,3450d59c3ee219f9d851c70a15dcff55-202,2026-08-02
2019243N06136,2019-08-30T06:00:00+00:00,r,nsf-ncar-era5,e5.oper.an.pl/201908/e5.oper.an.pl.128_157_r.ll025sc.2019083000_2019083023.nc,1418352713,15fc19d3fa5fdd096ecae4c2b7feccf2-170,2026-08-02
2019243N06136,2019-08-30T06:00:00+00:00,u,nsf-ncar-era5,e5.oper.an.pl/201908/e5.oper.an.pl.128_131_u.ll025uv.2019083000_2019083023.nc,1571545134,c6a2925723d09121863fbd4291286b2c-188,2026-08-02
2019243N06136,2019-08-30T06:00:00+00:00,v,nsf-ncar-era5,e5.oper.an.pl/201908/e5.oper.an.pl.128_132_v.ll025uv.2019083000_2019083023.nc,1679474190,edfb129ac3a1f0225472b30292422a1f-201,2026-08-02
2019243N06136,2019-08-31T06:00:00+00:00,r,nsf-ncar-era5,e5.oper.an.pl/201908/e5.oper.an.pl.128_157_r.ll025sc.2019083100_2019083123.nc,1424505410,293733454885dbe347065ad0367d8951-170,2026-08-02
2019243N06136,2019-08-31T06:00:00+00:00,u,nsf-ncar-era5,e5.oper.an.pl/201908/e5.oper.an.pl.128_131_u.ll025uv.2019083100_2019083123.nc,1571932991,334b1b838d4277ed787d208d12adbaa6-188,2026-08-02
2019243N06136,2019-08-31T06:00:00+00:00,v,nsf-ncar-era5,e5.oper.an.pl/201908/e5.oper.an.pl.128_132_v.ll025uv.2019083100_2019083123.nc,1666823646,3e2bdf25a6a158aef7bf61e001163ae0-199,2026-08-02
2019243N06136,2019-09-01T06:00:00+00:00,r,nsf-ncar-era5,e5.oper.an.pl/201909/e5.oper.an.pl.128_157_r.ll025sc.2019090100_2019090123.nc,1436545344,74afb333d5aef7a1b57374d05a20d428-172,2026-08-02
2019243N06136,2019-09-01T06:00:00+00:00,u,nsf-ncar-era5,e5.oper.an.pl/201909/e5.oper.an.pl.128_131_u.ll025uv.2019090100_2019090123.nc,1573538408,966b0f8752c0453c05dd13db8458f223-188,2026-08-02
2019243N06136,2019-09-01T06:00:00+00:00,v,nsf-ncar-era5,e5.oper.an.pl/201909/e5.oper.an.pl.128_132_v.ll025uv.2019090100_2019090123.nc,1676286646,1dd463f311d8fb9601ac74f045ecebe5-200,2026-08-02
2019243N06136,2019-09-02T03:00:00+00:00,r,nsf-ncar-era5,e5.oper.an.pl/201909/e5.oper.an.pl.128_157_r.ll025sc.2019090200_2019090223.nc,1414841307,5523b7829b30c3d9ea610ac8cbc88d05-169,2026-08-02
2019243N06136,2019-09-02T03:00:00+00:00,u,nsf-ncar-era5,e5.oper.an.pl/201909/e5.oper.an.pl.128_131_u.ll025uv.2019090200_2019090223.nc,1576448498,4e0f0eafb2ba03faa498de47dfea3340-188,2026-08-02
2019243N06136,2019-09-02T03:00:00+00:00,v,nsf-ncar-era5,e5.oper.an.pl/201909/e5.oper.an.pl.128_132_v.ll025uv.2019090200_2019090223.nc,1671982962,fef5932b9b9548b2db59c425050e31e6-200,2026-08-02
2019268N10155,2019-09-24T12:00:00+00:00,r,nsf-ncar-era5,e5.oper.an.pl/201909/e5.oper.an.pl.128_157_r.ll025sc.2019092400_2019092423.nc,1515392713,630be0402295b95f9a7840f26272207f-181,2026-08-02
2019268N10155,2019-09-24T12:00:00+00:00,u,nsf-ncar-era5,e5.oper.an.pl/201909/e5.oper.an.pl.128_131_u.ll025uv.2019092400_2019092423.nc,1580674584,92f137b8549a7b1d827869aad036f039-189,2026-08-02
2019268N10155,2019-09-24T12:00:00+00:00,v,nsf-ncar-era5,e5.oper.an.pl/201909/e5.oper.an.pl.128_132_v.ll025uv.2019092400_2019092423.nc,1698459353,807bb6614aa4b9a2dd755892539229b8-203,2026-08-02
2019268N10155,2019-09-25T12:00:00+00:00,r,nsf-ncar-era5,e5.oper.an.pl/201909/e5.oper.an.pl.128_157_r.ll025sc.2019092500_2019092523.nc,1516160531,0d6bdf699c86756e0e51b70abf83af4e-181,2026-08-02
2019268N10155,2019-09-25T12:00:00+00:00,u,nsf-ncar-era5,e5.oper.an.pl/201909/e5.oper.an.pl.128_131_u.ll025uv.2019092500_2019092523.nc,1582091882,a9cdbf24574115930168c9f21ad11bdd-189,2026-08-02
2019268N10155,2019-09-25T12:00:00+00:00,v,nsf-ncar-era5,e5.oper.an.pl/201909/e5.oper.an.pl.128_132_v.ll025uv.2019092500_2019092523.nc,1720185480,4f4dada89be26bfacd860dff206776f8-206,2026-08-02
2019268N10155,2019-09-26T12:00:00+00:00,r,nsf-ncar-era5,e5.oper.an.pl/201909/e5.oper.an.pl.128_157_r.ll025sc.2019092600_2019092623.nc,1502342485,9591c681307bc363ec5408fb7d45de97-180,2026-08-02
2019268N10155,2019-09-26T12:00:00+00:00,u,nsf-ncar-era5,e5.oper.an.pl/201909/e5.oper.an.pl.128_131_u.ll025uv.2019092600_2019092623.nc,1573411427,ceb21f4c51ffea539fbfed11b734e3df-188,2026-08-02
2019268N10155,2019-09-26T12:00:00+00:00,v,nsf-ncar-era5,e5.oper.an.pl/201909/e5.oper.an.pl.128_132_v.ll025uv.2019092600_2019092623.nc,1711920851,a5241aaf85b913d52981b8899018a71d-205,2026-08-02
2019268N10155,2019-09-27T09:00:00+00:00,r,nsf-ncar-era5,e5.oper.an.pl/201909/e5.oper.an.pl.128_157_r.ll025sc.2019092700_2019092723.nc,1494409452,f7d0977f043deca95e7048af4266c016-179,2026-08-02
2019268N10155,2019-09-27T09:00:00+00:00,u,nsf-ncar-era5,e5.oper.an.pl/201909/e5.oper.an.pl.128_131_u.ll025uv.2019092700_2019092723.nc,1564954339,762ce2e22221a965d5386fa23fe9b622-187,2026-08-02
2019268N10155,2019-09-27T09:00:00+00:00,v,nsf-ncar-era5,e5.oper.an.pl/201909/e5.oper.an.pl.128_132_v.ll025uv.2019092700_2019092723.nc,1698521413,5f89db5ff4996a04c32417a9d29dcc3d-203,2026-08-02
2020293N23139,2020-10-19T06:00:00+00:00,r,nsf-ncar-era5,e5.oper.an.pl/202010/e5.oper.an.pl.128_157_r.ll025sc.2020101900_2020101923.nc,1444558505,5964f3bf18c8e347a16a2fe684cbf122-173,2026-08-02
2020293N23139,2020-10-19T06:00:00+00:00,u,nsf-ncar-era5,e5.oper.an.pl/202010/e5.oper.an.pl.128_131_u.ll025uv.2020101900_2020101923.nc,1587584914,0667c39b9864a53b10cfd5f933342c3c-190,2026-08-02
2020293N23139,2020-10-19T06:00:00+00:00,v,nsf-ncar-era5,e5.oper.an.pl/202010/e5.oper.an.pl.128_132_v.ll025uv.2020101900_2020101923.nc,1700946169,81e7c7e5fd48648e519b4a760d209a9b-203,2026-08-02
2020293N23139,2020-10-20T06:00:00+00:00,r,nsf-ncar-era5,e5.oper.an.pl/202010/e5.oper.an.pl.128_157_r.ll025sc.2020102000_2020102023.nc,1445603489,d6e2aad7da212f5c075dda56a76336db-173,2026-08-02
2020293N23139,2020-10-20T06:00:00+00:00,u,nsf-ncar-era5,e5.oper.an.pl/202010/e5.oper.an.pl.128_131_u.ll025uv.2020102000_2020102023.nc,1573201424,4b85a427373a17f2b03dbb85018a01a3-188,2026-08-02
2020293N23139,2020-10-20T06:00:00+00:00,v,nsf-ncar-era5,e5.oper.an.pl/202010/e5.oper.an.pl.128_132_v.ll025uv.2020102000_2020102023.nc,1705556475,6e056d965fadaab62abc3683c7d2f954-204,2026-08-02
2020293N23139,2020-10-21T06:00:00+00:00,r,nsf-ncar-era5,e5.oper.an.pl/202010/e5.oper.an.pl.128_157_r.ll025sc.2020102100_2020102123.nc,1446408637,cbc7b6feff2e13556bb17197b8ef3f5f-173,2026-08-02
2020293N23139,2020-10-21T06:00:00+00:00,u,nsf-ncar-era5,e5.oper.an.pl/202010/e5.oper.an.pl.128_131_u.ll025uv.2020102100_2020102123.nc,1575574058,9ead7cfa9e6dbe034dde8e6e1c7ef691-188,2026-08-02
2020293N23139,2020-10-21T06:00:00+00:00,v,nsf-ncar-era5,e5.oper.an.pl/202010/e5.oper.an.pl.128_132_v.ll025uv.2020102100_2020102123.nc,1706034489,e36099142f0c963375f02229ac4baa89-204,2026-08-02
2020293N23139,2020-10-22T03:00:00+00:00,r,nsf-ncar-era5,e5.oper.an.pl/202010/e5.oper.an.pl.128_157_r.ll025sc.2020102200_2020102223.nc,1446014677,3515dab5ec04c4c3f8a65ceac123a234-173,2026-08-02
2020293N23139,2020-10-22T03:00:00+00:00,u,nsf-ncar-era5,e5.oper.an.pl/202010/e5.oper.an.pl.128_131_u.ll025uv.2020102200_2020102223.nc,1582185358,e6d429c9d35d68fa78665ca92379a8c5-189,2026-08-02
2020293N23139,2020-10-22T03:00:00+00:00,v,nsf-ncar-era5,e5.oper.an.pl/202010/e5.oper.an.pl.128_132_v.ll025uv.2020102200_2020102223.nc,1694966239,9d20a12784ce3ac92a231ab3e963eedb-203,2026-08-02
2021185N13121,2021-07-03T18:00:00+00:00,r,nsf-ncar-era5,e5.oper.an.pl/202107/e5.oper.an.pl.128_157_r.ll025sc.2021070300_2021070323.nc,1367899555,c1ddcfad08c4266a0e4915d983a9ba9c-164,2026-08-02
2021185N13121,2021-07-03T18:00:00+00:00,u,nsf-ncar-era5,e5.oper.an.pl/202107/e5.oper.an.pl.128_131_u.ll025uv.2021070300_2021070323.nc,1538410330,5efefe1622f8a89eb2da55bf6233b25e-184,2026-08-02
2021185N13121,2021-07-03T18:00:00+00:00,v,nsf-ncar-era5,e5.oper.an.pl/202107/e5.oper.an.pl.128_132_v.ll025uv.2021070300_2021070323.nc,1714600303,1d754311da51a9119d9306ff8f6947fc-205,2026-08-02
2021185N13121,2021-07-04T18:00:00+00:00,r,nsf-ncar-era5,e5.oper.an.pl/202107/e5.oper.an.pl.128_157_r.ll025sc.2021070400_2021070423.nc,1372544066,d33faa1f633ee3d2817f4fc325e639af-164,2026-08-02
2021185N13121,2021-07-04T18:00:00+00:00,u,nsf-ncar-era5,e5.oper.an.pl/202107/e5.oper.an.pl.128_131_u.ll025uv.2021070400_2021070423.nc,1551429143,6548625889ad85853d9498efe55c6d90-185,2026-08-02
2021185N13121,2021-07-04T18:00:00+00:00,v,nsf-ncar-era5,e5.oper.an.pl/202107/e5.oper.an.pl.128_132_v.ll025uv.2021070400_2021070423.nc,1720512072,37e71acf8b354d788a2a9a19cf40bed1-206,2026-08-02
2021185N13121,2021-07-05T18:00:00+00:00,r,nsf-ncar-era5,e5.oper.an.pl/202107/e5.oper.an.pl.128_157_r.ll025sc.2021070500_2021070523.nc,1380063319,d93f27ee960015381aec2fb0f4534914-165,2026-08-02
2021185N13121,2021-07-05T18:00:00+00:00,u,nsf-ncar-era5,e5.oper.an.pl/202107/e5.oper.an.pl.128_131_u.ll025uv.2021070500_2021070523.nc,1549763752,f8c0e0d4fde3ca7d37b2ec0816c08683-185,2026-08-02
2021185N13121,2021-07-05T18:00:00+00:00,v,nsf-ncar-era5,e5.oper.an.pl/202107/e5.oper.an.pl.128_132_v.ll025uv.2021070500_2021070523.nc,1732087537,c00d1f89275b5182a96cdaade058071c-207,2026-08-02
2021185N13121,2021-07-06T15:00:00+00:00,r,nsf-ncar-era5,e5.oper.an.pl/202107/e5.oper.an.pl.128_157_r.ll025sc.2021070600_2021070623.nc,1380321991,299b039b6aee5c1afc19d294ad35a882-165,2026-08-02
2021185N13121,2021-07-06T15:00:00+00:00,u,nsf-ncar-era5,e5.oper.an.pl/202107/e5.oper.an.pl.128_131_u.ll025uv.2021070600_2021070623.nc,1545519421,c256cf1a90dfae7a1847c58c44db8452-185,2026-08-02
2021185N13121,2021-07-06T15:00:00+00:00,v,nsf-ncar-era5,e5.oper.an.pl/202107/e5.oper.an.pl.128_132_v.ll025uv.2021070600_2021070623.nc,1723767126,65199ab719f0c3434ae11c1b4d5c8a72-206,2026-08-02
2022208N15143,2022-07-26T12:00:00+00:00,r,nsf-ncar-era5,e5.oper.an.pl/202207/e5.oper.an.pl.128_157_r.ll025sc.2022072600_2022072623.nc,1387969702,a2c57664d03375cc940d3275a73080c0-166,2026-08-02
2022208N15143,2022-07-26T12:00:00+00:00,u,nsf-ncar-era5,e5.oper.an.pl/202207/e5.oper.an.pl.128_131_u.ll025uv.2022072600_2022072623.nc,1552329348,bbdf120eb52ce16215389afccf87dbd5-186,2026-08-02
2022208N15143,2022-07-26T12:00:00+00:00,v,nsf-ncar-era5,e5.oper.an.pl/202207/e5.oper.an.pl.128_132_v.ll025uv.2022072600_2022072623.nc,1734583755,021ec8eaf64d01e6180a11c6ecabc3e6-207,2026-08-02
2022208N15143,2022-07-27T12:00:00+00:00,r,nsf-ncar-era5,e5.oper.an.pl/202207/e5.oper.an.pl.128_157_r.ll025sc.2022072700_2022072723.nc,1383006670,135a80f1baa2e1e9bd615bd06a702032-165,2026-08-02
2022208N15143,2022-07-27T12:00:00+00:00,u,nsf-ncar-era5,e5.oper.an.pl/202207/e5.oper.an.pl.128_131_u.ll025uv.2022072700_2022072723.nc,1552839606,51fe3b1730d9642928a4bfc7e12d3e6e-186,2026-08-02
2022208N15143,2022-07-27T12:00:00+00:00,v,nsf-ncar-era5,e5.oper.an.pl/202207/e5.oper.an.pl.128_132_v.ll025uv.2022072700_2022072723.nc,1711883814,80123bc4b449bb6632829f24ec1d5441-205,2026-08-02
2022208N15143,2022-07-28T12:00:00+00:00,r,nsf-ncar-era5,e5.oper.an.pl/202207/e5.oper.an.pl.128_157_r.ll025sc.2022072800_2022072823.nc,1379571375,36764bf0009f9958b97e967d393be357-165,2026-08-02
2022208N15143,2022-07-28T12:00:00+00:00,u,nsf-ncar-era5,e5.oper.an.pl/202207/e5.oper.an.pl.128_131_u.ll025uv.2022072800_2022072823.nc,1552130357,835a72918f7d75ec0d1d0b103c2e58c3-186,2026-08-02
2022208N15143,2022-07-28T12:00:00+00:00,v,nsf-ncar-era5,e5.oper.an.pl/202207/e5.oper.an.pl.128_132_v.ll025uv.2022072800_2022072823.nc,1714852631,71576b88e2de2001096b4bc662c9a2cf-205,2026-08-02
2022208N15143,2022-07-29T09:00:00+00:00,r,nsf-ncar-era5,e5.oper.an.pl/202207/e5.oper.an.pl.128_157_r.ll025sc.2022072900_2022072923.nc,1377356503,09b53d335349dd96b492fc4306a1e32a-165,2026-08-02
2022208N15143,2022-07-29T09:00:00+00:00,u,nsf-ncar-era5,e5.oper.an.pl/202207/e5.oper.an.pl.128_131_u.ll025uv.2022072900_2022072923.nc,1552496264,6b46ec32b5ae7b74bff01b49915bc5a4-186,2026-08-02
2022208N15143,2022-07-29T09:00:00+00:00,v,nsf-ncar-era5,e5.oper.an.pl/202207/e5.oper.an.pl.128_132_v.ll025uv.2022072900_2022072923.nc,1714845086,5457e3c3c5d4559aca00920677a6e5ca-205,2026-08-02
