sid,name,outcome,pair_id,endpoint_time,endpoint_type,probability,model,cutoff_hour
2019195N13136,DANAS,1,1,2019-07-17 12:00:00+00:00,first_US_TS_or_34kt,0.4135920611005105,metadata_only,-72
2021185N13121,UNNAMED,0,1,2021-07-06 18:00:00+00:00,72h_after_first_track,0.3627911830270343,metadata_only,-72
2019231N13135,BAILU,1,2,2019-08-22 00:00:00+00:00,first_US_TS_or_34kt,0.5296629659086701,metadata_only,-72
2022208N15143,SONGDA,0,2,2022-07-29 12:00:00+00:00,72h_after_first_track,0.5431129196462626,metadata_only,-72
2019236N08143,PODUL,1,3,2019-08-28 00:00:00+00:00,first_US_TS_or_34kt,0.5420775538963413,metadata_only,-72
2018234N22119,UNNAMED,0,3,2018-08-25 00:00:00+00:00,72h_after_first_track,0.35394755699345354,metadata_only,-72
2019243N06136,LINGLING,1,4,2019-09-02 06:00:00+00:00,first_US_TS_or_34kt,0.6195009704682951,metadata_only,-72
2017247N16132,GUCHOL,0,4,2017-09-06 12:00:00+00:00,72h_after_first_track,0.49378584045957963,metadata_only,-72
2019268N10155,MITAG,1,5,2019-09-27 12:00:00+00:00,first_US_TS_or_34kt,0.6828106912286658,metadata_only,-72
2020293N23139,UNNAMED,0,5,2020-10-22 06:00:00+00:00,72h_after_first_track,0.4846127251376498,metadata_only,-72
2019195N13136,DANAS,1,1,2019-07-17 12:00:00+00:00,first_US_TS_or_34kt,0.5112161897154581,cloud_area_only,-72
2021185N13121,UNNAMED,0,1,2021-07-06 18:00:00+00:00,72h_after_first_track,0.49730713721159575,cloud_area_only,-72
2019231N13135,BAILU,1,2,2019-08-22 00:00:00+00:00,first_US_TS_or_34kt,0.4394162635139783,cloud_area_only,-72
2022208N15143,SONGDA,0,2,2022-07-29 12:00:00+00:00,72h_after_first_track,0.5727797365287467,cloud_area_only,-72
2019236N08143,PODUL,1,3,2019-08-28 00:00:00+00:00,first_US_TS_or_34kt,0.4044821734965796,cloud_area_only,-72
2018234N22119,UNNAMED,0,3,2018-08-25 00:00:00+00:00,72h_after_first_track,0.5416418970747642,cloud_area_only,-72
2019243N06136,LINGLING,1,4,2019-09-02 06:00:00+00:00,first_US_TS_or_34kt,0.5155970004834888,cloud_area_only,-72
2017247N16132,GUCHOL,0,4,2017-09-06 12:00:00+00:00,72h_after_first_track,0.49247326216163384,cloud_area_only,-72
2019268N10155,MITAG,1,5,2019-09-27 12:00:00+00:00,first_US_TS_or_34kt,0.4807205559144648,cloud_area_only,-72
2020293N23139,UNNAMED,0,5,2020-10-22 06:00:00+00:00,72h_after_first_track,0.46729486116926666,cloud_area_only,-72
2019195N13136,DANAS,1,1,2019-07-17 12:00:00+00:00,first_US_TS_or_34kt,0.5671305629808696,organization_only,-72
2021185N13121,UNNAMED,0,1,2021-07-06 18:00:00+00:00,72h_after_first_track,0.5229529870504992,organization_only,-72
2019231N13135,BAILU,1,2,2019-08-22 00:00:00+00:00,first_US_TS_or_34kt,0.6390668662190064,organization_only,-72
2022208N15143,SONGDA,0,2,2022-07-29 12:00:00+00:00,72h_after_first_track,0.5962387619924266,organization_only,-72
2019236N08143,PODUL,1,3,2019-08-28 00:00:00+00:00,first_US_TS_or_34kt,0.4809504818752402,organization_only,-72
2018234N22119,UNNAMED,0,3,2018-08-25 00:00:00+00:00,72h_after_first_track,0.4391763463777604,organization_only,-72
2019243N06136,LINGLING,1,4,2019-09-02 06:00:00+00:00,first_US_TS_or_34kt,0.5897915658022532,organization_only,-72
2017247N16132,GUCHOL,0,4,2017-09-06 12:00:00+00:00,72h_after_first_track,0.39259666597539783,organization_only,-72
2019268N10155,MITAG,1,5,2019-09-27 12:00:00+00:00,first_US_TS_or_34kt,0.4073130928065018,organization_only,-72
2020293N23139,UNNAMED,0,5,2020-10-22 06:00:00+00:00,72h_after_first_track,0.34756250477622963,organization_only,-72
2019195N13136,DANAS,1,1,2019-07-17 12:00:00+00:00,first_US_TS_or_34kt,0.5752684011890429,cloud_plus_organization,-72
2021185N13121,UNNAMED,0,1,2021-07-06 18:00:00+00:00,72h_after_first_track,0.5208665968779936,cloud_plus_organization,-72
2019231N13135,BAILU,1,2,2019-08-22 00:00:00+00:00,first_US_TS_or_34kt,0.5858288225258372,cloud_plus_organization,-72
2022208N15143,SONGDA,0,2,2022-07-29 12:00:00+00:00,72h_after_first_track,0.6463786977941596,cloud_plus_organization,-72
2019236N08143,PODUL,1,3,2019-08-28 00:00:00+00:00,first_US_TS_or_34kt,0.39326456124654857,cloud_plus_organization,-72
2018234N22119,UNNAMED,0,3,2018-08-25 00:00:00+00:00,72h_after_first_track,0.47767638031101955,cloud_plus_organization,-72
2019243N06136,LINGLING,1,4,2019-09-02 06:00:00+00:00,first_US_TS_or_34kt,0.5987873693864441,cloud_plus_organization,-72
2017247N16132,GUCHOL,0,4,2017-09-06 12:00:00+00:00,72h_after_first_track,0.38676815509471674,cloud_plus_organization,-72
2019268N10155,MITAG,1,5,2019-09-27 12:00:00+00:00,first_US_TS_or_34kt,0.3886283156403882,cloud_plus_organization,-72
2020293N23139,UNNAMED,0,5,2020-10-22 06:00:00+00:00,72h_after_first_track,0.3177620492271686,cloud_plus_organization,-72
2019195N13136,DANAS,1,1,2019-07-17 12:00:00+00:00,first_US_TS_or_34kt,0.40615013399044086,metadata_only,-60
2021185N13121,UNNAMED,0,1,2021-07-06 18:00:00+00:00,72h_after_first_track,0.36035384216412425,metadata_only,-60
2019231N13135,BAILU,1,2,2019-08-22 00:00:00+00:00,first_US_TS_or_34kt,0.532424234802937,metadata_only,-60
2022208N15143,SONGDA,0,2,2022-07-29 12:00:00+00:00,72h_after_first_track,0.5479149947804602,metadata_only,-60
2019236N08143,PODUL,1,3,2019-08-28 00:00:00+00:00,first_US_TS_or_34kt,0.5315893566039954,metadata_only,-60
2018234N22119,UNNAMED,0,3,2018-08-25 00:00:00+00:00,72h_after_first_track,0.3650137882469441,metadata_only,-60
2019243N06136,LINGLING,1,4,2019-09-02 06:00:00+00:00,first_US_TS_or_34kt,0.6223259408027769,metadata_only,-60
2017247N16132,GUCHOL,0,4,2017-09-06 12:00:00+00:00,72h_after_first_track,0.4906713306730787,metadata_only,-60
2019268N10155,MITAG,1,5,2019-09-27 12:00:00+00:00,first_US_TS_or_34kt,0.6877659777239498,metadata_only,-60
2020293N23139,UNNAMED,0,5,2020-10-22 06:00:00+00:00,72h_after_first_track,0.48965917888385013,metadata_only,-60
2019195N13136,DANAS,1,1,2019-07-17 12:00:00+00:00,first_US_TS_or_34kt,0.4816138510736845,cloud_area_only,-60
2021185N13121,UNNAMED,0,1,2021-07-06 18:00:00+00:00,72h_after_first_track,0.504403062239659,cloud_area_only,-60
2019231N13135,BAILU,1,2,2019-08-22 00:00:00+00:00,first_US_TS_or_34kt,0.45470435547803256,cloud_area_only,-60
2022208N15143,SONGDA,0,2,2022-07-29 12:00:00+00:00,72h_after_first_track,0.5417516862744519,cloud_area_only,-60
2019236N08143,PODUL,1,3,2019-08-28 00:00:00+00:00,first_US_TS_or_34kt,0.4721722608656589,cloud_area_only,-60
2018234N22119,UNNAMED,0,3,2018-08-25 00:00:00+00:00,72h_after_first_track,0.5495701815020784,cloud_area_only,-60
2019243N06136,LINGLING,1,4,2019-09-02 06:00:00+00:00,first_US_TS_or_34kt,0.5004563221741091,cloud_area_only,-60
2017247N16132,GUCHOL,0,4,2017-09-06 12:00:00+00:00,72h_after_first_track,0.5266607177059857,cloud_area_only,-60
2019268N10155,MITAG,1,5,2019-09-27 12:00:00+00:00,first_US_TS_or_34kt,0.5082435034681543,cloud_area_only,-60
2020293N23139,UNNAMED,0,5,2020-10-22 06:00:00+00:00,72h_after_first_track,0.5380255043263862,cloud_area_only,-60
2019195N13136,DANAS,1,1,2019-07-17 12:00:00+00:00,first_US_TS_or_34kt,0.594418740505345,organization_only,-60
2021185N13121,UNNAMED,0,1,2021-07-06 18:00:00+00:00,72h_after_first_track,0.39564105152404583,organization_only,-60
2019231N13135,BAILU,1,2,2019-08-22 00:00:00+00:00,first_US_TS_or_34kt,0.5281978946474434,organization_only,-60
2022208N15143,SONGDA,0,2,2022-07-29 12:00:00+00:00,72h_after_first_track,0.5388150913165323,organization_only,-60
2019236N08143,PODUL,1,3,2019-08-28 00:00:00+00:00,first_US_TS_or_34kt,0.511189623388962,organization_only,-60
2018234N22119,UNNAMED,0,3,2018-08-25 00:00:00+00:00,72h_after_first_track,0.2778237133963528,organization_only,-60
2019243N06136,LINGLING,1,4,2019-09-02 06:00:00+00:00,first_US_TS_or_34kt,0.576867271416659,organization_only,-60
2017247N16132,GUCHOL,0,4,2017-09-06 12:00:00+00:00,72h_after_first_track,0.468169998656484,organization_only,-60
2019268N10155,MITAG,1,5,2019-09-27 12:00:00+00:00,first_US_TS_or_34kt,0.4887789150878022,organization_only,-60
2020293N23139,UNNAMED,0,5,2020-10-22 06:00:00+00:00,72h_after_first_track,0.49884433834087893,organization_only,-60
2019195N13136,DANAS,1,1,2019-07-17 12:00:00+00:00,first_US_TS_or_34kt,0.5843631259119724,cloud_plus_organization,-60
2021185N13121,UNNAMED,0,1,2021-07-06 18:00:00+00:00,72h_after_first_track,0.3983489315266027,cloud_plus_organization,-60
2019231N13135,BAILU,1,2,2019-08-22 00:00:00+00:00,first_US_TS_or_34kt,0.5021634870484035,cloud_plus_organization,-60
2022208N15143,SONGDA,0,2,2022-07-29 12:00:00+00:00,72h_after_first_track,0.5639968941533632,cloud_plus_organization,-60
2019236N08143,PODUL,1,3,2019-08-28 00:00:00+00:00,first_US_TS_or_34kt,0.4889941779417176,cloud_plus_organization,-60
2018234N22119,UNNAMED,0,3,2018-08-25 00:00:00+00:00,72h_after_first_track,0.3163374411800538,cloud_plus_organization,-60
2019243N06136,LINGLING,1,4,2019-09-02 06:00:00+00:00,first_US_TS_or_34kt,0.5770558734029647,cloud_plus_organization,-60
2017247N16132,GUCHOL,0,4,2017-09-06 12:00:00+00:00,72h_after_first_track,0.47664831075980785,cloud_plus_organization,-60
2019268N10155,MITAG,1,5,2019-09-27 12:00:00+00:00,first_US_TS_or_34kt,0.5081396686885943,cloud_plus_organization,-60
2020293N23139,UNNAMED,0,5,2020-10-22 06:00:00+00:00,72h_after_first_track,0.5432157573643526,cloud_plus_organization,-60
2019195N13136,DANAS,1,1,2019-07-17 12:00:00+00:00,first_US_TS_or_34kt,0.4013564286166237,metadata_only,-48
2021185N13121,UNNAMED,0,1,2021-07-06 18:00:00+00:00,72h_after_first_track,0.35079532601308516,metadata_only,-48
2019231N13135,BAILU,1,2,2019-08-22 00:00:00+00:00,first_US_TS_or_34kt,0.5358955868671149,metadata_only,-48
2022208N15143,SONGDA,0,2,2022-07-29 12:00:00+00:00,72h_after_first_track,0.5491198216741434,metadata_only,-48
2019236N08143,PODUL,1,3,2019-08-28 00:00:00+00:00,first_US_TS_or_34kt,0.5294895107413492,metadata_only,-48
2018234N22119,UNNAMED,0,3,2018-08-25 00:00:00+00:00,72h_after_first_track,0.3752855766243605,metadata_only,-48
2019243N06136,LINGLING,1,4,2019-09-02 06:00:00+00:00,first_US_TS_or_34kt,0.6284447971510979,metadata_only,-48
2017247N16132,GUCHOL,0,4,2017-09-06 12:00:00+00:00,72h_after_first_track,0.4919756502862907,metadata_only,-48
2019268N10155,MITAG,1,5,2019-09-27 12:00:00+00:00,first_US_TS_or_34kt,0.6895597598514184,metadata_only,-48
2020293N23139,UNNAMED,0,5,2020-10-22 06:00:00+00:00,72h_after_first_track,0.48744942682608283,metadata_only,-48
2019195N13136,DANAS,1,1,2019-07-17 12:00:00+00:00,first_US_TS_or_34kt,0.49871857264171937,cloud_area_only,-48
2021185N13121,UNNAMED,0,1,2021-07-06 18:00:00+00:00,72h_after_first_track,0.5149553549158237,cloud_area_only,-48
2019231N13135,BAILU,1,2,2019-08-22 00:00:00+00:00,first_US_TS_or_34kt,0.4876375728550592,cloud_area_only,-48
2022208N15143,SONGDA,0,2,2022-07-29 12:00:00+00:00,72h_after_first_track,0.5989869879136409,cloud_area_only,-48
2019236N08143,PODUL,1,3,2019-08-28 00:00:00+00:00,first_US_TS_or_34kt,0.4977615711745816,cloud_area_only,-48
2018234N22119,UNNAMED,0,3,2018-08-25 00:00:00+00:00,72h_after_first_track,0.4958630545909955,cloud_area_only,-48
2019243N06136,LINGLING,1,4,2019-09-02 06:00:00+00:00,first_US_TS_or_34kt,0.49201314501108506,cloud_area_only,-48
2017247N16132,GUCHOL,0,4,2017-09-06 12:00:00+00:00,72h_after_first_track,0.5029391791087123,cloud_area_only,-48
2019268N10155,MITAG,1,5,2019-09-27 12:00:00+00:00,first_US_TS_or_34kt,0.48575300210578326,cloud_area_only,-48
2020293N23139,UNNAMED,0,5,2020-10-22 06:00:00+00:00,72h_after_first_track,0.5632535296112053,cloud_area_only,-48
2019195N13136,DANAS,1,1,2019-07-17 12:00:00+00:00,first_US_TS_or_34kt,0.5670571772956873,organization_only,-48
2021185N13121,UNNAMED,0,1,2021-07-06 18:00:00+00:00,72h_after_first_track,0.4814992343316459,organization_only,-48
2019231N13135,BAILU,1,2,2019-08-22 00:00:00+00:00,first_US_TS_or_34kt,0.4143902330222201,organization_only,-48
2022208N15143,SONGDA,0,2,2022-07-29 12:00:00+00:00,72h_after_first_track,0.5690752601226216,organization_only,-48
2019236N08143,PODUL,1,3,2019-08-28 00:00:00+00:00,first_US_TS_or_34kt,0.54565371531586,organization_only,-48
2018234N22119,UNNAMED,0,3,2018-08-25 00:00:00+00:00,72h_after_first_track,0.35203240323097446,organization_only,-48
2019243N06136,LINGLING,1,4,2019-09-02 06:00:00+00:00,first_US_TS_or_34kt,0.4567575248854881,organization_only,-48
2017247N16132,GUCHOL,0,4,2017-09-06 12:00:00+00:00,72h_after_first_track,0.43369072027811156,organization_only,-48
2019268N10155,MITAG,1,5,2019-09-27 12:00:00+00:00,first_US_TS_or_34kt,0.5072727599478561,organization_only,-48
2020293N23139,UNNAMED,0,5,2020-10-22 06:00:00+00:00,72h_after_first_track,0.5605001648240342,organization_only,-48
2019195N13136,DANAS,1,1,2019-07-17 12:00:00+00:00,first_US_TS_or_34kt,0.5591945106833275,cloud_plus_organization,-48
2021185N13121,UNNAMED,0,1,2021-07-06 18:00:00+00:00,72h_after_first_track,0.4908284195593039,cloud_plus_organization,-48
2019231N13135,BAILU,1,2,2019-08-22 00:00:00+00:00,first_US_TS_or_34kt,0.41193756931286796,cloud_plus_organization,-48
2022208N15143,SONGDA,0,2,2022-07-29 12:00:00+00:00,72h_after_first_track,0.636549588469694,cloud_plus_organization,-48
2019236N08143,PODUL,1,3,2019-08-28 00:00:00+00:00,first_US_TS_or_34kt,0.5464737573853511,cloud_plus_organization,-48
2018234N22119,UNNAMED,0,3,2018-08-25 00:00:00+00:00,72h_after_first_track,0.35308071465193797,cloud_plus_organization,-48
2019243N06136,LINGLING,1,4,2019-09-02 06:00:00+00:00,first_US_TS_or_34kt,0.450997843090263,cloud_plus_organization,-48
2017247N16132,GUCHOL,0,4,2017-09-06 12:00:00+00:00,72h_after_first_track,0.43586559289648785,cloud_plus_organization,-48
2019268N10155,MITAG,1,5,2019-09-27 12:00:00+00:00,first_US_TS_or_34kt,0.4984479729586097,cloud_plus_organization,-48
2020293N23139,UNNAMED,0,5,2020-10-22 06:00:00+00:00,72h_after_first_track,0.6342576097626647,cloud_plus_organization,-48
2019195N13136,DANAS,1,1,2019-07-17 12:00:00+00:00,first_US_TS_or_34kt,0.3955664407194971,metadata_only,-36
2021185N13121,UNNAMED,0,1,2021-07-06 18:00:00+00:00,72h_after_first_track,0.3460814672537637,metadata_only,-36
2019231N13135,BAILU,1,2,2019-08-22 00:00:00+00:00,first_US_TS_or_34kt,0.5397197393065553,metadata_only,-36
2022208N15143,SONGDA,0,2,2022-07-29 12:00:00+00:00,72h_after_first_track,0.5433779500786838,metadata_only,-36
2019236N08143,PODUL,1,3,2019-08-28 00:00:00+00:00,first_US_TS_or_34kt,0.5303804080807635,metadata_only,-36
2018234N22119,UNNAMED,0,3,2018-08-25 00:00:00+00:00,72h_after_first_track,0.3877335580813618,metadata_only,-36
2019243N06136,LINGLING,1,4,2019-09-02 06:00:00+00:00,first_US_TS_or_34kt,0.6353554359288143,metadata_only,-36
2017247N16132,GUCHOL,0,4,2017-09-06 12:00:00+00:00,72h_after_first_track,0.4976791444906384,metadata_only,-36
2019268N10155,MITAG,1,5,2019-09-27 12:00:00+00:00,first_US_TS_or_34kt,0.6859029534498184,metadata_only,-36
2020293N23139,UNNAMED,0,5,2020-10-22 06:00:00+00:00,72h_after_first_track,0.4826251139772232,metadata_only,-36
2019195N13136,DANAS,1,1,2019-07-17 12:00:00+00:00,first_US_TS_or_34kt,0.443995965588575,cloud_area_only,-36
2021185N13121,UNNAMED,0,1,2021-07-06 18:00:00+00:00,72h_after_first_track,0.4795244849428083,cloud_area_only,-36
2019231N13135,BAILU,1,2,2019-08-22 00:00:00+00:00,first_US_TS_or_34kt,0.49937051171532876,cloud_area_only,-36
2022208N15143,SONGDA,0,2,2022-07-29 12:00:00+00:00,72h_after_first_track,0.5515522462677527,cloud_area_only,-36
2019236N08143,PODUL,1,3,2019-08-28 00:00:00+00:00,first_US_TS_or_34kt,0.47995890999466917,cloud_area_only,-36
2018234N22119,UNNAMED,0,3,2018-08-25 00:00:00+00:00,72h_after_first_track,0.4907861586841067,cloud_area_only,-36
2019243N06136,LINGLING,1,4,2019-09-02 06:00:00+00:00,first_US_TS_or_34kt,0.49184655792484927,cloud_area_only,-36
2017247N16132,GUCHOL,0,4,2017-09-06 12:00:00+00:00,72h_after_first_track,0.494626591910674,cloud_area_only,-36
2019268N10155,MITAG,1,5,2019-09-27 12:00:00+00:00,first_US_TS_or_34kt,0.500961261423758,cloud_area_only,-36
2020293N23139,UNNAMED,0,5,2020-10-22 06:00:00+00:00,72h_after_first_track,0.5232399970709017,cloud_area_only,-36
2019195N13136,DANAS,1,1,2019-07-17 12:00:00+00:00,first_US_TS_or_34kt,0.4978101316708424,organization_only,-36
2021185N13121,UNNAMED,0,1,2021-07-06 18:00:00+00:00,72h_after_first_track,0.45351174469862765,organization_only,-36
2019231N13135,BAILU,1,2,2019-08-22 00:00:00+00:00,first_US_TS_or_34kt,0.6093612608644726,organization_only,-36
2022208N15143,SONGDA,0,2,2022-07-29 12:00:00+00:00,72h_after_first_track,0.5585119026029647,organization_only,-36
2019236N08143,PODUL,1,3,2019-08-28 00:00:00+00:00,first_US_TS_or_34kt,0.5354345589589514,organization_only,-36
2018234N22119,UNNAMED,0,3,2018-08-25 00:00:00+00:00,72h_after_first_track,0.411764638591649,organization_only,-36
2019243N06136,LINGLING,1,4,2019-09-02 06:00:00+00:00,first_US_TS_or_34kt,0.5229427583090697,organization_only,-36
2017247N16132,GUCHOL,0,4,2017-09-06 12:00:00+00:00,72h_after_first_track,0.5307770226407594,organization_only,-36
2019268N10155,MITAG,1,5,2019-09-27 12:00:00+00:00,first_US_TS_or_34kt,0.4604795336333611,organization_only,-36
2020293N23139,UNNAMED,0,5,2020-10-22 06:00:00+00:00,72h_after_first_track,0.476669574092803,organization_only,-36
2019195N13136,DANAS,1,1,2019-07-17 12:00:00+00:00,first_US_TS_or_34kt,0.456437315420708,cloud_plus_organization,-36
2021185N13121,UNNAMED,0,1,2021-07-06 18:00:00+00:00,72h_after_first_track,0.43832963457260665,cloud_plus_organization,-36
2019231N13135,BAILU,1,2,2019-08-22 00:00:00+00:00,first_US_TS_or_34kt,0.6038138907011866,cloud_plus_organization,-36
2022208N15143,SONGDA,0,2,2022-07-29 12:00:00+00:00,72h_after_first_track,0.5889130207871464,cloud_plus_organization,-36
2019236N08143,PODUL,1,3,2019-08-28 00:00:00+00:00,first_US_TS_or_34kt,0.5207096688130377,cloud_plus_organization,-36
2018234N22119,UNNAMED,0,3,2018-08-25 00:00:00+00:00,72h_after_first_track,0.404945793733928,cloud_plus_organization,-36
2019243N06136,LINGLING,1,4,2019-09-02 06:00:00+00:00,first_US_TS_or_34kt,0.5180463395851476,cloud_plus_organization,-36
2017247N16132,GUCHOL,0,4,2017-09-06 12:00:00+00:00,72h_after_first_track,0.52926483545451,cloud_plus_organization,-36
2019268N10155,MITAG,1,5,2019-09-27 12:00:00+00:00,first_US_TS_or_34kt,0.457835236100304,cloud_plus_organization,-36
2020293N23139,UNNAMED,0,5,2020-10-22 06:00:00+00:00,72h_after_first_track,0.5010359618598055,cloud_plus_organization,-36
2019195N13136,DANAS,1,1,2019-07-17 12:00:00+00:00,first_US_TS_or_34kt,0.3951587438369322,metadata_only,-24
2021185N13121,UNNAMED,0,1,2021-07-06 18:00:00+00:00,72h_after_first_track,0.35192433241550686,metadata_only,-24
2019231N13135,BAILU,1,2,2019-08-22 00:00:00+00:00,first_US_TS_or_34kt,0.5425231575396998,metadata_only,-24
2022208N15143,SONGDA,0,2,2022-07-29 12:00:00+00:00,72h_after_first_track,0.5358948651206102,metadata_only,-24
2019236N08143,PODUL,1,3,2019-08-28 00:00:00+00:00,first_US_TS_or_34kt,0.5303698161652141,metadata_only,-24
2018234N22119,UNNAMED,0,3,2018-08-25 00:00:00+00:00,72h_after_first_track,0.390259914631383,metadata_only,-24
2019243N06136,LINGLING,1,4,2019-09-02 06:00:00+00:00,first_US_TS_or_34kt,0.6342979982620573,metadata_only,-24
2017247N16132,GUCHOL,0,4,2017-09-06 12:00:00+00:00,72h_after_first_track,0.5011974110189925,metadata_only,-24
2019268N10155,MITAG,1,5,2019-09-27 12:00:00+00:00,first_US_TS_or_34kt,0.6830205309943248,metadata_only,-24
2020293N23139,UNNAMED,0,5,2020-10-22 06:00:00+00:00,72h_after_first_track,0.48597005280400196,metadata_only,-24
2019195N13136,DANAS,1,1,2019-07-17 12:00:00+00:00,first_US_TS_or_34kt,0.7366083734403532,cloud_area_only,-24
2021185N13121,UNNAMED,0,1,2021-07-06 18:00:00+00:00,72h_after_first_track,0.47868307378427266,cloud_area_only,-24
2019231N13135,BAILU,1,2,2019-08-22 00:00:00+00:00,first_US_TS_or_34kt,0.5268146463711696,cloud_area_only,-24
2022208N15143,SONGDA,0,2,2022-07-29 12:00:00+00:00,72h_after_first_track,0.5414857873723746,cloud_area_only,-24
2019236N08143,PODUL,1,3,2019-08-28 00:00:00+00:00,first_US_TS_or_34kt,0.5697749905073575,cloud_area_only,-24
2018234N22119,UNNAMED,0,3,2018-08-25 00:00:00+00:00,72h_after_first_track,0.43428289100612216,cloud_area_only,-24
2019243N06136,LINGLING,1,4,2019-09-02 06:00:00+00:00,first_US_TS_or_34kt,0.540910179278826,cloud_area_only,-24
2017247N16132,GUCHOL,0,4,2017-09-06 12:00:00+00:00,72h_after_first_track,0.3928272759221685,cloud_area_only,-24
2019268N10155,MITAG,1,5,2019-09-27 12:00:00+00:00,first_US_TS_or_34kt,0.5180345642030741,cloud_area_only,-24
2020293N23139,UNNAMED,0,5,2020-10-22 06:00:00+00:00,72h_after_first_track,0.2711844231590419,cloud_area_only,-24
2019195N13136,DANAS,1,1,2019-07-17 12:00:00+00:00,first_US_TS_or_34kt,0.6428641177137568,organization_only,-24
2021185N13121,UNNAMED,0,1,2021-07-06 18:00:00+00:00,72h_after_first_track,0.5195379971347056,organization_only,-24
2019231N13135,BAILU,1,2,2019-08-22 00:00:00+00:00,first_US_TS_or_34kt,0.4755508823198842,organization_only,-24
2022208N15143,SONGDA,0,2,2022-07-29 12:00:00+00:00,72h_after_first_track,0.5221829992947773,organization_only,-24
2019236N08143,PODUL,1,3,2019-08-28 00:00:00+00:00,first_US_TS_or_34kt,0.47451313349192775,organization_only,-24
2018234N22119,UNNAMED,0,3,2018-08-25 00:00:00+00:00,72h_after_first_track,0.4065089115272106,organization_only,-24
2019243N06136,LINGLING,1,4,2019-09-02 06:00:00+00:00,first_US_TS_or_34kt,0.5544134812389558,organization_only,-24
2017247N16132,GUCHOL,0,4,2017-09-06 12:00:00+00:00,72h_after_first_track,0.6799916835543081,organization_only,-24
2019268N10155,MITAG,1,5,2019-09-27 12:00:00+00:00,first_US_TS_or_34kt,0.5412720202175666,organization_only,-24
2020293N23139,UNNAMED,0,5,2020-10-22 06:00:00+00:00,72h_after_first_track,0.4160632222006385,organization_only,-24
2019195N13136,DANAS,1,1,2019-07-17 12:00:00+00:00,first_US_TS_or_34kt,0.7966798110683727,cloud_plus_organization,-24
2021185N13121,UNNAMED,0,1,2021-07-06 18:00:00+00:00,72h_after_first_track,0.49399559471014165,cloud_plus_organization,-24
2019231N13135,BAILU,1,2,2019-08-22 00:00:00+00:00,first_US_TS_or_34kt,0.5021945553829416,cloud_plus_organization,-24
2022208N15143,SONGDA,0,2,2022-07-29 12:00:00+00:00,72h_after_first_track,0.5530148738544566,cloud_plus_organization,-24
2019236N08143,PODUL,1,3,2019-08-28 00:00:00+00:00,first_US_TS_or_34kt,0.5416417530784069,cloud_plus_organization,-24
2018234N22119,UNNAMED,0,3,2018-08-25 00:00:00+00:00,72h_after_first_track,0.37632240004635054,cloud_plus_organization,-24
2019243N06136,LINGLING,1,4,2019-09-02 06:00:00+00:00,first_US_TS_or_34kt,0.5737497986910379,cloud_plus_organization,-24
2017247N16132,GUCHOL,0,4,2017-09-06 12:00:00+00:00,72h_after_first_track,0.5790933102116171,cloud_plus_organization,-24
2019268N10155,MITAG,1,5,2019-09-27 12:00:00+00:00,first_US_TS_or_34kt,0.5493415373286163,cloud_plus_organization,-24
2020293N23139,UNNAMED,0,5,2020-10-22 06:00:00+00:00,72h_after_first_track,0.23862700677540552,cloud_plus_organization,-24
2019195N13136,DANAS,1,1,2019-07-17 12:00:00+00:00,first_US_TS_or_34kt,0.3972314703920667,metadata_only,-12
2021185N13121,UNNAMED,0,1,2021-07-06 18:00:00+00:00,72h_after_first_track,0.36173138591907944,metadata_only,-12
2019231N13135,BAILU,1,2,2019-08-22 00:00:00+00:00,first_US_TS_or_34kt,0.5474107622318085,metadata_only,-12
2022208N15143,SONGDA,0,2,2022-07-29 12:00:00+00:00,72h_after_first_track,0.5270722190362835,metadata_only,-12
2019236N08143,PODUL,1,3,2019-08-28 00:00:00+00:00,first_US_TS_or_34kt,0.532676967217874,metadata_only,-12
2018234N22119,UNNAMED,0,3,2018-08-25 00:00:00+00:00,72h_after_first_track,0.38706735604397063,metadata_only,-12
2019243N06136,LINGLING,1,4,2019-09-02 06:00:00+00:00,first_US_TS_or_34kt,0.6310974287762126,metadata_only,-12
2017247N16132,GUCHOL,0,4,2017-09-06 12:00:00+00:00,72h_after_first_track,0.5046594456309631,metadata_only,-12
2019268N10155,MITAG,1,5,2019-09-27 12:00:00+00:00,first_US_TS_or_34kt,0.6724316040325261,metadata_only,-12
2020293N23139,UNNAMED,0,5,2020-10-22 06:00:00+00:00,72h_after_first_track,0.48618428626611454,metadata_only,-12
2019195N13136,DANAS,1,1,2019-07-17 12:00:00+00:00,first_US_TS_or_34kt,0.6169767551339729,cloud_area_only,-12
2021185N13121,UNNAMED,0,1,2021-07-06 18:00:00+00:00,72h_after_first_track,0.5275706909684582,cloud_area_only,-12
2019231N13135,BAILU,1,2,2019-08-22 00:00:00+00:00,first_US_TS_or_34kt,0.631411226799007,cloud_area_only,-12
2022208N15143,SONGDA,0,2,2022-07-29 12:00:00+00:00,72h_after_first_track,0.41668755253882905,cloud_area_only,-12
2019236N08143,PODUL,1,3,2019-08-28 00:00:00+00:00,first_US_TS_or_34kt,0.5678460576039975,cloud_area_only,-12
2018234N22119,UNNAMED,0,3,2018-08-25 00:00:00+00:00,72h_after_first_track,0.42483168891070305,cloud_area_only,-12
2019243N06136,LINGLING,1,4,2019-09-02 06:00:00+00:00,first_US_TS_or_34kt,0.47290620548245377,cloud_area_only,-12
2017247N16132,GUCHOL,0,4,2017-09-06 12:00:00+00:00,72h_after_first_track,0.4312440425973322,cloud_area_only,-12
2019268N10155,MITAG,1,5,2019-09-27 12:00:00+00:00,first_US_TS_or_34kt,0.650305279222309,cloud_area_only,-12
2020293N23139,UNNAMED,0,5,2020-10-22 06:00:00+00:00,72h_after_first_track,0.24219063411310507,cloud_area_only,-12
2019195N13136,DANAS,1,1,2019-07-17 12:00:00+00:00,first_US_TS_or_34kt,0.553104634828845,organization_only,-12
2021185N13121,UNNAMED,0,1,2021-07-06 18:00:00+00:00,72h_after_first_track,0.5456348450778226,organization_only,-12
2019231N13135,BAILU,1,2,2019-08-22 00:00:00+00:00,first_US_TS_or_34kt,0.5957193936758871,organization_only,-12
2022208N15143,SONGDA,0,2,2022-07-29 12:00:00+00:00,72h_after_first_track,0.5307103961300133,organization_only,-12
2019236N08143,PODUL,1,3,2019-08-28 00:00:00+00:00,first_US_TS_or_34kt,0.5113671293226357,organization_only,-12
2018234N22119,UNNAMED,0,3,2018-08-25 00:00:00+00:00,72h_after_first_track,0.4812202367666784,organization_only,-12
2019243N06136,LINGLING,1,4,2019-09-02 06:00:00+00:00,first_US_TS_or_34kt,0.4748121665284884,organization_only,-12
2017247N16132,GUCHOL,0,4,2017-09-06 12:00:00+00:00,72h_after_first_track,0.6156349744946169,organization_only,-12
2019268N10155,MITAG,1,5,2019-09-27 12:00:00+00:00,first_US_TS_or_34kt,0.5456538918537663,organization_only,-12
2020293N23139,UNNAMED,0,5,2020-10-22 06:00:00+00:00,72h_after_first_track,0.3286831478673105,organization_only,-12
2019195N13136,DANAS,1,1,2019-07-17 12:00:00+00:00,first_US_TS_or_34kt,0.6426123601135929,cloud_plus_organization,-12
2021185N13121,UNNAMED,0,1,2021-07-06 18:00:00+00:00,72h_after_first_track,0.560217843730569,cloud_plus_organization,-12
2019231N13135,BAILU,1,2,2019-08-22 00:00:00+00:00,first_US_TS_or_34kt,0.6861552773080141,cloud_plus_organization,-12
2022208N15143,SONGDA,0,2,2022-07-29 12:00:00+00:00,72h_after_first_track,0.46101029001513427,cloud_plus_organization,-12
2019236N08143,PODUL,1,3,2019-08-28 00:00:00+00:00,first_US_TS_or_34kt,0.5600109878130508,cloud_plus_organization,-12
2018234N22119,UNNAMED,0,3,2018-08-25 00:00:00+00:00,72h_after_first_track,0.4120257708519163,cloud_plus_organization,-12
2019243N06136,LINGLING,1,4,2019-09-02 06:00:00+00:00,first_US_TS_or_34kt,0.4494365605406203,cloud_plus_organization,-12
2017247N16132,GUCHOL,0,4,2017-09-06 12:00:00+00:00,72h_after_first_track,0.5421206676212831,cloud_plus_organization,-12
2019268N10155,MITAG,1,5,2019-09-27 12:00:00+00:00,first_US_TS_or_34kt,0.6724170344687069,cloud_plus_organization,-12
2020293N23139,UNNAMED,0,5,2020-10-22 06:00:00+00:00,72h_after_first_track,0.1758023848259944,cloud_plus_organization,-12
2019195N13136,DANAS,1,1,2019-07-17 12:00:00+00:00,first_US_TS_or_34kt,0.4035782615406589,metadata_only,-3
2021185N13121,UNNAMED,0,1,2021-07-06 18:00:00+00:00,72h_after_first_track,0.370415226062911,metadata_only,-3
2019231N13135,BAILU,1,2,2019-08-22 00:00:00+00:00,first_US_TS_or_34kt,0.5506612142590634,metadata_only,-3
2022208N15143,SONGDA,0,2,2022-07-29 12:00:00+00:00,72h_after_first_track,0.5201378209692551,metadata_only,-3
2019236N08143,PODUL,1,3,2019-08-28 00:00:00+00:00,first_US_TS_or_34kt,0.5357777087443493,metadata_only,-3
2018234N22119,UNNAMED,0,3,2018-08-25 00:00:00+00:00,72h_after_first_track,0.38574667560645515,metadata_only,-3
2019243N06136,LINGLING,1,4,2019-09-02 06:00:00+00:00,first_US_TS_or_34kt,0.6257715936681453,metadata_only,-3
2017247N16132,GUCHOL,0,4,2017-09-06 12:00:00+00:00,72h_after_first_track,0.5034647436741639,metadata_only,-3
2019268N10155,MITAG,1,5,2019-09-27 12:00:00+00:00,first_US_TS_or_34kt,0.6671642465649349,metadata_only,-3
2020293N23139,UNNAMED,0,5,2020-10-22 06:00:00+00:00,72h_after_first_track,0.4816836510294722,metadata_only,-3
2019195N13136,DANAS,1,1,2019-07-17 12:00:00+00:00,first_US_TS_or_34kt,0.6389971517895858,cloud_area_only,-3
2021185N13121,UNNAMED,0,1,2021-07-06 18:00:00+00:00,72h_after_first_track,0.48102171645931247,cloud_area_only,-3
2019231N13135,BAILU,1,2,2019-08-22 00:00:00+00:00,first_US_TS_or_34kt,0.7140124132440354,cloud_area_only,-3
2022208N15143,SONGDA,0,2,2022-07-29 12:00:00+00:00,72h_after_first_track,0.4311610316881766,cloud_area_only,-3
2019236N08143,PODUL,1,3,2019-08-28 00:00:00+00:00,first_US_TS_or_34kt,0.6209438057521495,cloud_area_only,-3
2018234N22119,UNNAMED,0,3,2018-08-25 00:00:00+00:00,72h_after_first_track,0.4137607082820787,cloud_area_only,-3
2019243N06136,LINGLING,1,4,2019-09-02 06:00:00+00:00,first_US_TS_or_34kt,0.5092217744983331,cloud_area_only,-3
2017247N16132,GUCHOL,0,4,2017-09-06 12:00:00+00:00,72h_after_first_track,0.41271546036957024,cloud_area_only,-3
2019268N10155,MITAG,1,5,2019-09-27 12:00:00+00:00,first_US_TS_or_34kt,0.4939863124331201,cloud_area_only,-3
2020293N23139,UNNAMED,0,5,2020-10-22 06:00:00+00:00,72h_after_first_track,0.2721374590392166,cloud_area_only,-3
2019195N13136,DANAS,1,1,2019-07-17 12:00:00+00:00,first_US_TS_or_34kt,0.541749608431381,organization_only,-3
2021185N13121,UNNAMED,0,1,2021-07-06 18:00:00+00:00,72h_after_first_track,0.527186249058892,organization_only,-3
2019231N13135,BAILU,1,2,2019-08-22 00:00:00+00:00,first_US_TS_or_34kt,0.5965537823496647,organization_only,-3
2022208N15143,SONGDA,0,2,2022-07-29 12:00:00+00:00,72h_after_first_track,0.5260637060162155,organization_only,-3
2019236N08143,PODUL,1,3,2019-08-28 00:00:00+00:00,first_US_TS_or_34kt,0.4496778879178321,organization_only,-3
2018234N22119,UNNAMED,0,3,2018-08-25 00:00:00+00:00,72h_after_first_track,0.3788126370105165,organization_only,-3
2019243N06136,LINGLING,1,4,2019-09-02 06:00:00+00:00,first_US_TS_or_34kt,0.6337377077421815,organization_only,-3
2017247N16132,GUCHOL,0,4,2017-09-06 12:00:00+00:00,72h_after_first_track,0.49034458922719265,organization_only,-3
2019268N10155,MITAG,1,5,2019-09-27 12:00:00+00:00,first_US_TS_or_34kt,0.5635365563135439,organization_only,-3
2020293N23139,UNNAMED,0,5,2020-10-22 06:00:00+00:00,72h_after_first_track,0.4240947135121798,organization_only,-3
2019195N13136,DANAS,1,1,2019-07-17 12:00:00+00:00,first_US_TS_or_34kt,0.6508554298190302,cloud_plus_organization,-3
2021185N13121,UNNAMED,0,1,2021-07-06 18:00:00+00:00,72h_after_first_track,0.4988424025290053,cloud_plus_organization,-3
2019231N13135,BAILU,1,2,2019-08-22 00:00:00+00:00,first_US_TS_or_34kt,0.7657308075887589,cloud_plus_organization,-3
2022208N15143,SONGDA,0,2,2022-07-29 12:00:00+00:00,72h_after_first_track,0.46296046404038205,cloud_plus_organization,-3
2019236N08143,PODUL,1,3,2019-08-28 00:00:00+00:00,first_US_TS_or_34kt,0.5646789618987087,cloud_plus_organization,-3
2018234N22119,UNNAMED,0,3,2018-08-25 00:00:00+00:00,72h_after_first_track,0.32210986128339897,cloud_plus_organization,-3
2019243N06136,LINGLING,1,4,2019-09-02 06:00:00+00:00,first_US_TS_or_34kt,0.6147162269598234,cloud_plus_organization,-3
2017247N16132,GUCHOL,0,4,2017-09-06 12:00:00+00:00,72h_after_first_track,0.4143516046004444,cloud_plus_organization,-3
2019268N10155,MITAG,1,5,2019-09-27 12:00:00+00:00,first_US_TS_or_34kt,0.5472325066463414,cloud_plus_organization,-3
2020293N23139,UNNAMED,0,5,2020-10-22 06:00:00+00:00,72h_after_first_track,0.24407578343111389,cloud_plus_organization,-3
