event_id,block_id,start_time,end_time,event,source,target,probability
Paulina:393:97:2,Paulina:1:0,1998.0,2001.0,0,Hellegat,Paulina,0.999999999999986
Paulina:393:97:2,Paulina:1:0,2001.0,2008.0,0,Hellegat,Paulina,0.999999999999998
Paulina:393:97:2,Paulina:1:0,2008.0,2010.0,0,Hellegat,Paulina,0.9956670835634975
Paulina:393:97:2,Paulina:1:0,2010.0,2011.0,0,Hellegat,Paulina,0.9157745731959936
Paulina:393:97:2,Paulina:1:0,2011.0,2012.0,0,Hellegat,Paulina,0.9067231290701102
Paulina:376:80:4,Paulina:1:0,2008.0,2010.0,0,Hellegat,Paulina,0.9999999994711617
Paulina:376:80:4,Paulina:1:0,2010.0,2011.0,0,Hellegat,Paulina,0.9967177307438531
Paulina:376:80:4,Paulina:1:0,2011.0,2012.0,0,Hellegat,Paulina,0.9922211513674613
Paulina:374:88:3,Paulina:1:0,2001.0,2008.0,0,Hellegat,Paulina,1.0
Paulina:374:88:3,Paulina:1:0,2008.0,2010.0,0,Hellegat,Paulina,0.9985284680355002
Paulina:374:88:3,Paulina:1:0,2010.0,2011.0,0,Hellegat,Paulina,0.943428168924593
Paulina:374:88:3,Paulina:1:0,2011.0,2012.0,0,Hellegat,Paulina,0.9341751077744712
Paulina:366:162:4,Paulina:1:0,2008.0,2010.0,0,Hellegat,Paulina,0.9999970664777597
Paulina:366:162:4,Paulina:1:0,2010.0,2011.0,0,Hellegat,Paulina,0.9669899493618023
Paulina:366:162:4,Paulina:1:0,2011.0,2012.0,0,Hellegat,Paulina,0.9447742264337966
Paulina:347:87:4,Paulina:1:0,2008.0,2010.0,0,Hellegat,Paulina,0.9999999982269122
Paulina:347:87:4,Paulina:1:0,2010.0,2011.0,0,Hellegat,Paulina,0.9954621330051902
Paulina:347:87:4,Paulina:1:0,2011.0,2012.0,0,Hellegat,Paulina,0.9897583837865568
Paulina:366:188:4,Paulina:1:0,2008.0,2010.0,0,Hellegat,Paulina,0.999850089303873
Paulina:366:188:4,Paulina:1:0,2010.0,2011.0,0,Hellegat,Paulina,0.9053586256127643
Paulina:366:188:4,Paulina:1:0,2011.0,2012.0,0,Hellegat,Paulina,0.8649289435224884
Paulina:324:170:4,Paulina:1:0,2008.0,2010.0,0,Hellegat,Paulina,0.9996469359722759
Paulina:324:170:4,Paulina:1:0,2010.0,2011.0,0,Hellegat,Paulina,0.8809609531426214
Paulina:324:170:4,Paulina:1:0,2011.0,2012.0,0,Hellegat,Paulina,0.8358871732351564
Paulina:351:100:3,Paulina:1:0,2001.0,2008.0,0,Hellegat,Paulina,1.0
Paulina:351:100:3,Paulina:1:0,2008.0,2010.0,0,Hellegat,Paulina,0.9974470052733824
Paulina:351:100:3,Paulina:1:0,2010.0,2011.0,0,Hellegat,Paulina,0.9278914984988909
Paulina:351:100:3,Paulina:1:0,2011.0,2012.0,0,Hellegat,Paulina,0.9171641853824382
Paulina:343:86:4,Paulina:1:0,2008.0,2010.0,0,Hellegat,Paulina,0.9999999982269122
Paulina:343:86:4,Paulina:1:0,2010.0,2011.0,0,Hellegat,Paulina,0.9954621330051902
Paulina:343:86:4,Paulina:1:0,2011.0,2012.0,0,Hellegat,Paulina,0.9897583837865568
Paulina:379:148:4,Paulina:1:0,2008.0,2010.0,0,Hellegat,Paulina,0.9999998704580043
Paulina:379:148:4,Paulina:1:0,2010.0,2011.0,0,Hellegat,Paulina,0.9856830247771042
Paulina:379:148:4,Paulina:1:0,2011.0,2012.0,0,Hellegat,Paulina,0.9728304351542513
Paulina:325:158:4,Paulina:1:0,2008.0,2010.0,0,Hellegat,Paulina,0.9999379421566434
Paulina:325:158:4,Paulina:1:0,2010.0,2011.0,0,Hellegat,Paulina,0.9252651184090008
Paulina:325:158:4,Paulina:1:0,2011.0,2012.0,0,Hellegat,Paulina,0.8894706163502526
Paulina:377:152:4,Paulina:1:0,2008.0,2010.0,0,Hellegat,Paulina,0.9999996468378042
Paulina:377:152:4,Paulina:1:0,2010.0,2011.0,0,Hellegat,Paulina,0.9812727838650256
Paulina:377:152:4,Paulina:1:0,2011.0,2012.0,0,Hellegat,Paulina,0.9658720987089336
Paulina:404:169:4,Paulina:1:0,2008.0,2010.0,0,Hellegat,Paulina,0.9999996468378042
Paulina:404:169:4,Paulina:1:0,2010.0,2011.0,0,Hellegat,Paulina,0.9812727838650256
Paulina:404:169:4,Paulina:1:0,2011.0,2012.0,0,Hellegat,Paulina,0.9658720987089336
Paulina:340:145:4,Paulina:1:0,2008.0,2010.0,0,Hellegat,Paulina,0.9999970664777597
Paulina:340:145:4,Paulina:1:0,2010.0,2011.0,0,Hellegat,Paulina,0.9669899493618023
Paulina:340:145:4,Paulina:1:0,2011.0,2012.0,0,Hellegat,Paulina,0.9447742264337966
Paulina:389:162:4,Paulina:1:0,2008.0,2010.0,0,Hellegat,Paulina,0.9999996468378042
Paulina:389:162:4,Paulina:1:0,2010.0,2011.0,0,Hellegat,Paulina,0.9812727838650256
Paulina:389:162:4,Paulina:1:0,2011.0,2012.0,0,Hellegat,Paulina,0.9658720987089336
Paulina:390:156:4,Paulina:1:0,2008.0,2010.0,0,Hellegat,Paulina,0.9999998704580043
Paulina:390:156:4,Paulina:1:0,2010.0,2011.0,0,Hellegat,Paulina,0.9856830247771042
Paulina:390:156:4,Paulina:1:0,2011.0,2012.0,0,Hellegat,Paulina,0.9728304351542513
Paulina:355:173:4,Paulina:1:0,2008.0,2010.0,0,Hellegat,Paulina,0.9999379421566434
Paulina:355:173:4,Paulina:1:0,2010.0,2011.0,1,Hellegat,Paulina,0.9252651184090008
Paulina:336:86:4,Paulina:1:0,2008.0,2010.0,0,Hellegat,Paulina,0.9999999982269122
Paulina:336:86:4,Paulina:1:0,2010.0,2011.0,0,Hellegat,Paulina,0.9954621330051902
Paulina:336:86:4,Paulina:1:0,2011.0,2012.0,0,Hellegat,Paulina,0.9897583837865568
Paulina:408:85:1,Paulina:1:0,1996.0,1998.0,1,Hellegat,Paulina,0.9999999993230012
Paulina:408:85:3,Paulina:1:0,2001.0,2008.0,0,Hellegat,Paulina,1.0
Paulina:408:85:3,Paulina:1:0,2008.0,2010.0,0,Hellegat,Paulina,0.9984565411617711
Paulina:408:85:3,Paulina:1:0,2010.0,2011.0,0,Hellegat,Paulina,0.9422265494546566
Paulina:408:85:3,Paulina:1:0,2011.0,2012.0,0,Hellegat,Paulina,0.9328514254053493
Paulina:344:77:3,Paulina:1:0,2001.0,2008.0,0,Hellegat,Paulina,1.0
Paulina:344:77:3,Paulina:1:0,2008.0,2010.0,0,Hellegat,Paulina,0.9984237257919556
Paulina:344:77:3,Paulina:1:0,2010.0,2011.0,0,Hellegat,Paulina,0.9416887444001318
Paulina:344:77:3,Paulina:1:0,2011.0,2012.0,0,Hellegat,Paulina,0.9322594610791284
Paulina:326:118:2,Paulina:1:0,1998.0,2001.0,0,Hellegat,Paulina,0.9999999997901247
Paulina:326:118:2,Paulina:1:0,2001.0,2008.0,0,Hellegat,Paulina,0.9999999999460779
Paulina:326:118:2,Paulina:1:0,2008.0,2010.0,0,Hellegat,Paulina,0.9776490065253256
Paulina:326:118:2,Paulina:1:0,2010.0,2011.0,0,Hellegat,Paulina,0.8224074599290101
Paulina:326:118:2,Paulina:1:0,2011.0,2012.0,0,Hellegat,Paulina,0.8092828983072857
Paulina:363:92:2,Paulina:1:0,1998.0,2001.0,0,Hellegat,Paulina,0.9999999999999628
Paulina:363:92:2,Paulina:1:0,2001.0,2008.0,0,Hellegat,Paulina,0.9999999999999943
Paulina:363:92:2,Paulina:1:0,2008.0,2010.0,0,Hellegat,Paulina,0.9948772290163838
Paulina:363:92:2,Paulina:1:0,2010.0,2011.0,0,Hellegat,Paulina,0.9091110402595194
Paulina:363:92:2,Paulina:1:0,2011.0,2012.0,0,Hellegat,Paulina,0.899659175045657
Paulina:337:83:4,Paulina:1:0,2008.0,2010.0,0,Hellegat,Paulina,0.9999999982269122
Paulina:337:83:4,Paulina:1:0,2010.0,2011.0,0,Hellegat,Paulina,0.9954621330051902
Paulina:337:83:4,Paulina:1:0,2011.0,2012.0,0,Hellegat,Paulina,0.9897583837865568
Paulina:418:347:4,Paulina:1:1,2008.0,2010.0,0,Hellegat,Paulina,0.5379788796876017
Paulina:418:347:4,Paulina:1:1,2010.0,2011.0,0,Hellegat,Paulina,0.18677004508836156
Paulina:418:347:4,Paulina:1:1,2011.0,2012.0,0,Hellegat,Paulina,0.16100435805853605
Paulina:431:322:5,Paulina:1:1,2010.0,2011.0,1,Hellegat,Paulina,0.5600318310495058
Paulina:385:335:2,Paulina:1:1,1998.0,2001.0,0,Hellegat,Paulina,0.6075803754697652
Paulina:385:335:2,Paulina:1:1,2001.0,2008.0,0,Hellegat,Paulina,0.6293393484064043
Paulina:385:335:2,Paulina:1:1,2008.0,2010.0,0,Hellegat,Paulina,0.14747050451793192
Paulina:385:335:2,Paulina:1:1,2010.0,2011.0,0,Hellegat,Paulina,0.06997730373986882
Paulina:385:335:2,Paulina:1:1,2011.0,2012.0,0,Hellegat,Paulina,0.0671896777762084
Paulina:379:334:5,Paulina:1:1,2010.0,2011.0,0,Hellegat,Paulina,0.21839947976611346
Paulina:379:334:5,Paulina:1:1,2011.0,2012.0,0,Hellegat,Paulina,0.153089378766556
Paulina:446:371:4,Paulina:1:1,2008.0,2010.0,0,Hellegat,Paulina,0.5379788796876017
Paulina:446:371:4,Paulina:1:1,2010.0,2011.0,0,Hellegat,Paulina,0.18677004508836156
Paulina:446:371:4,Paulina:1:1,2011.0,2012.0,0,Hellegat,Paulina,0.16100435805853605
Paulina:403:337:1,Paulina:1:1,1996.0,1998.0,0,Hellegat,Paulina,0.5379788796876017
Paulina:403:337:1,Paulina:1:1,1998.0,2001.0,1,Hellegat,Paulina,0.46217609481134947
Paulina:403:337:5,Paulina:1:1,2010.0,2011.0,0,Hellegat,Paulina,0.32027864509609655
Paulina:403:337:5,Paulina:1:1,2011.0,2012.0,0,Hellegat,Paulina,0.229207556312295
Paulina:390:336:5,Paulina:1:1,2010.0,2011.0,1,Hellegat,Paulina,0.26787780580998494
Paulina:594:120:1,Paulina:2:0,1996.0,1998.0,0,Hellegat,Paulina,0.9999954524394817
Paulina:594:120:1,Paulina:2:0,1998.0,2001.0,0,Hellegat,Paulina,0.999948847326039
Paulina:594:120:1,Paulina:2:0,2001.0,2008.0,0,Hellegat,Paulina,0.9999998228748668
Paulina:594:120:1,Paulina:2:0,2008.0,2010.0,0,Hellegat,Paulina,0.9428441974747626
Paulina:594:120:1,Paulina:2:0,2010.0,2011.0,0,Hellegat,Paulina,0.7326462689709248
Paulina:594:120:1,Paulina:2:0,2011.0,2012.0,0,Hellegat,Paulina,0.7196339415388353
Paulina:668:186:1,Paulina:2:0,1996.0,1998.0,0,Hellegat,Paulina,0.9999997738330455
Paulina:668:186:1,Paulina:2:0,1998.0,2001.0,0,Hellegat,Paulina,0.9999954084969016
Paulina:668:186:1,Paulina:2:0,2001.0,2008.0,0,Hellegat,Paulina,0.9999999960092588
Paulina:668:186:1,Paulina:2:0,2008.0,2010.0,0,Hellegat,Paulina,0.9715672689291409
Paulina:668:186:1,Paulina:2:0,2010.0,2011.0,0,Hellegat,Paulina,0.8062187864868071
Paulina:668:186:1,Paulina:2:0,2011.0,2012.0,0,Hellegat,Paulina,0.7944174589382283
Paulina:584:138:1,Paulina:2:0,1996.0,1998.0,0,Hellegat,Paulina,0.9999997738330455
Paulina:584:138:1,Paulina:2:0,1998.0,2001.0,0,Hellegat,Paulina,0.9999954084969016
Paulina:584:138:1,Paulina:2:0,2001.0,2008.0,0,Hellegat,Paulina,0.9999999960092588
Paulina:584:138:1,Paulina:2:0,2008.0,2010.0,0,Hellegat,Paulina,0.9715672689291409
Paulina:584:138:1,Paulina:2:0,2010.0,2011.0,0,Hellegat,Paulina,0.8062187864868071
Paulina:584:138:1,Paulina:2:0,2011.0,2012.0,0,Hellegat,Paulina,0.7944174589382283
Paulina:660:338:4,Paulina:2:1,2008.0,2010.0,0,Hellegat,Paulina,0.9999998704580043
Paulina:660:338:4,Paulina:2:1,2010.0,2011.0,0,Hellegat,Paulina,0.9856830247771042
Paulina:660:338:4,Paulina:2:1,2011.0,2012.0,0,Hellegat,Paulina,0.9728304351542513
Paulina:607:327:5,Paulina:2:1,2010.0,2011.0,0,Hellegat,Paulina,0.9982872471747616
Paulina:607:327:5,Paulina:2:1,2011.0,2012.0,0,Hellegat,Paulina,0.9863659118240536
Paulina:643:390:2,Paulina:2:1,1998.0,2001.0,1,Hellegat,Paulina,0.9999933659275981
Paulina:643:390:4,Paulina:2:1,2008.0,2010.0,0,Hellegat,Paulina,0.9996469359722759
Paulina:643:390:4,Paulina:2:1,2010.0,2011.0,0,Hellegat,Paulina,0.8809609531426214
Paulina:643:390:4,Paulina:2:1,2011.0,2012.0,0,Hellegat,Paulina,0.8358871732351564
Paulina:608:369:5,Paulina:2:1,2010.0,2011.0,1,Hellegat,Paulina,0.9812100019232562
Paulina:673:390:4,Paulina:2:1,2008.0,2010.0,0,Hellegat,Paulina,0.9999779700494601
Paulina:673:390:4,Paulina:2:1,2010.0,2011.0,0,Hellegat,Paulina,0.9433637971405435
Paulina:673:390:4,Paulina:2:1,2011.0,2012.0,0,Hellegat,Paulina,0.9126590343514819
Paulina:620:333:1,Paulina:2:1,1996.0,1998.0,0,Hellegat,Paulina,0.9999970664777597
Paulina:620:333:1,Paulina:2:1,1998.0,2001.0,0,Hellegat,Paulina,0.9999640301545635
Paulina:620:333:1,Paulina:2:1,2001.0,2008.0,0,Hellegat,Paulina,0.9999998982209032
Paulina:620:333:1,Paulina:2:1,2008.0,2010.0,0,Hellegat,Paulina,0.9483864486685917
Paulina:620:333:1,Paulina:2:1,2010.0,2011.0,0,Hellegat,Paulina,0.744924688328393
Paulina:620:333:1,Paulina:2:1,2011.0,2012.0,0,Hellegat,Paulina,0.7320565383552284
Paulina:580:323:1,Paulina:2:1,1996.0,1998.0,0,Hellegat,Paulina,0.9999779700494601
Paulina:580:323:1,Paulina:2:1,1998.0,2001.0,1,Hellegat,Paulina,0.9998183303473074
Paulina:580:323:4,Paulina:2:1,2008.0,2010.0,0,Hellegat,Paulina,0.9999779700494601
Paulina:580:323:4,Paulina:2:1,2010.0,2011.0,0,Hellegat,Paulina,0.9433637971405435
Paulina:580:323:4,Paulina:2:1,2011.0,2012.0,0,Hellegat,Paulina,0.9126590343514819
Paulina:655:324:1,Paulina:2:1,1996.0,1998.0,1,Hellegat,Paulina,0.9999999557867646
Paulina:655:324:4,Paulina:2:1,2008.0,2010.0,0,Hellegat,Paulina,0.9999999557867646
Paulina:655:324:4,Paulina:2:1,2010.0,2011.0,0,Hellegat,Paulina,0.9892638098806663
Paulina:655:324:4,Paulina:2:1,2011.0,2012.0,0,Hellegat,Paulina,0.9787215086210759
Paulina:595:424:1,Paulina:2:1,1996.0,1998.0,1,Hellegat,Paulina,0.944424982600275
Paulina:656:407:3,Paulina:2:1,2001.0,2008.0,0,Hellegat,Paulina,0.9999999999803209
Paulina:656:407:3,Paulina:2:1,2008.0,2010.0,0,Hellegat,Paulina,0.8846279753973314
Paulina:656:407:3,Paulina:2:1,2010.0,2011.0,0,Hellegat,Paulina,0.6137035300260327
Paulina:656:407:3,Paulina:2:1,2011.0,2012.0,0,Hellegat,Paulina,0.5938305816916869
Paulina:675:386:5,Paulina:2:1,2010.0,2011.0,0,Hellegat,Paulina,0.9953063925877974
Paulina:675:386:5,Paulina:2:1,2011.0,2012.0,0,Hellegat,Paulina,0.973093862369214
Paulina:598:324:4,Paulina:2:1,2008.0,2010.0,0,Hellegat,Paulina,0.9999924471551235
Paulina:598:324:4,Paulina:2:1,2010.0,2011.0,0,Hellegat,Paulina,0.9574777156497399
Paulina:598:324:4,Paulina:2:1,2011.0,2012.0,0,Hellegat,Paulina,0.9315267894862123
Paulina:639:411:3,Paulina:2:1,2001.0,2008.0,1,Hellegat,Paulina,0.9999999993003464
Paulina:639:411:5,Paulina:2:1,2010.0,2011.0,1,Hellegat,Paulina,0.9507817517861419
Paulina:613:330:4,Paulina:2:1,2008.0,2010.0,0,Hellegat,Paulina,0.9999970664777597
Paulina:613:330:4,Paulina:2:1,2010.0,2011.0,0,Hellegat,Paulina,0.9669899493618023
Paulina:613:330:4,Paulina:2:1,2011.0,2012.0,0,Hellegat,Paulina,0.9447742264337966
Paulina:650:616:2,Paulina:2:2,1998.0,2001.0,1,Hellegat,Paulina,0.1944324515687839
Paulina:650:616:4,Paulina:2:2,2008.0,2010.0,0,Hellegat,Paulina,0.1342324408670516
Paulina:650:616:4,Paulina:2:2,2010.0,2011.0,0,Hellegat,Paulina,0.03785787249036541
Paulina:650:616:4,Paulina:2:2,2011.0,2012.0,0,Hellegat,Paulina,0.03223932490037114
Paulina:644:609:3,Paulina:2:2,2001.0,2008.0,0,Hellegat,Paulina,0.39618405161615156
Paulina:644:609:3,Paulina:2:2,2008.0,2010.0,0,Hellegat,Paulina,0.04323313320701499
Paulina:644:609:3,Paulina:2:2,2010.0,2011.0,0,Hellegat,Paulina,0.01927682351845317
Paulina:644:609:3,Paulina:2:2,2011.0,2012.0,0,Hellegat,Paulina,0.018269477934010087
Paulina:691:596:4,Paulina:2:2,2008.0,2010.0,1,Hellegat,Paulina,0.33351340294341675
Paulina:893:442:4,Paulina:3:1,2008.0,2010.0,0,Hellegat,Paulina,0.9999999988850645
Paulina:893:442:4,Paulina:3:1,2010.0,2011.0,0,Hellegat,Paulina,0.9959922053377567
Paulina:893:442:4,Paulina:3:1,2011.0,2012.0,0,Hellegat,Paulina,0.9907836021726554
Paulina:842:380:4,Paulina:3:1,2008.0,2010.0,0,Hellegat,Paulina,0.9999999994711617
Paulina:842:380:4,Paulina:3:1,2010.0,2011.0,0,Hellegat,Paulina,0.9967177307438531
Paulina:842:380:4,Paulina:3:1,2011.0,2012.0,0,Hellegat,Paulina,0.9922211513674613
Paulina:839:361:5,Paulina:3:1,2010.0,2011.0,0,Hellegat,Paulina,0.9999739808004259
Paulina:839:361:5,Paulina:3:1,2011.0,2012.0,0,Hellegat,Paulina,0.9991900787078141
Paulina:873:433:4,Paulina:3:1,2008.0,2010.0,0,Hellegat,Paulina,0.9999999982269122
Paulina:873:433:4,Paulina:3:1,2010.0,2011.0,0,Hellegat,Paulina,0.9954621330051902
Paulina:873:433:4,Paulina:3:1,2011.0,2012.0,0,Hellegat,Paulina,0.9897583837865568
Paulina:863:416:4,Paulina:3:1,2008.0,2010.0,0,Hellegat,Paulina,0.9999999988850645
Paulina:863:416:4,Paulina:3:1,2010.0,2011.0,0,Hellegat,Paulina,0.9959922053377567
Paulina:863:416:4,Paulina:3:1,2011.0,2012.0,0,Hellegat,Paulina,0.9907836021726554
Paulina:913:436:1,Paulina:3:1,1996.0,1998.0,0,Hellegat,Paulina,0.9999999994205787
Paulina:913:436:1,Paulina:3:1,1998.0,2001.0,0,Hellegat,Paulina,0.9999999619470169
Paulina:913:436:1,Paulina:3:1,2001.0,2008.0,0,Hellegat,Paulina,0.9999999999978821
Paulina:913:436:1,Paulina:3:1,2008.0,2010.0,0,Hellegat,Paulina,0.992906077479683
Paulina:913:436:1,Paulina:3:1,2010.0,2011.0,0,Hellegat,Paulina,0.8978121031484516
Paulina:913:436:1,Paulina:3:1,2011.0,2012.0,0,Hellegat,Paulina,0.8890606053436843
Paulina:895:411:1,Paulina:3:1,1996.0,1998.0,0,Hellegat,Paulina,0.9999999994711617
Paulina:895:411:1,Paulina:3:1,1998.0,2001.0,0,Hellegat,Paulina,0.9999999646391566
Paulina:895:411:1,Paulina:3:1,2001.0,2008.0,0,Hellegat,Paulina,0.9999999999981131
Paulina:895:411:1,Paulina:3:1,2008.0,2010.0,0,Hellegat,Paulina,0.9930552546210206
Paulina:895:411:1,Paulina:3:1,2010.0,2011.0,0,Hellegat,Paulina,0.8988082786962639
Paulina:895:411:1,Paulina:3:1,2011.0,2012.0,0,Hellegat,Paulina,0.8901033176861253
Paulina:895:392:4,Paulina:3:1,2008.0,2010.0,0,Hellegat,Paulina,0.9999999993230012
Paulina:895:392:4,Paulina:3:1,2010.0,2011.0,0,Hellegat,Paulina,0.9964933344497071
Paulina:895:392:4,Paulina:3:1,2011.0,2012.0,0,Hellegat,Paulina,0.9917718465622629
Paulina:874:626:2,Paulina:3:2,1998.0,2001.0,0,Hellegat,Paulina,0.9973314361459995
Paulina:874:626:2,Paulina:3:2,2001.0,2008.0,1,Hellegat,Paulina,0.998140805996341
Paulina:874:626:5,Paulina:3:2,2010.0,2011.0,0,Hellegat,Paulina,0.861294867019945
Paulina:874:626:5,Paulina:3:2,2011.0,2012.0,0,Hellegat,Paulina,0.7360654917703255
Paulina:869:636:5,Paulina:3:2,2010.0,2011.0,1,Hellegat,Paulina,0.7642564584135441
Paulina:929:628:1,Paulina:3:2,1996.0,1998.0,0,Hellegat,Paulina,0.999126737807706
Paulina:929:628:1,Paulina:3:2,1998.0,2001.0,0,Hellegat,Paulina,0.9965087665014007
Paulina:929:628:1,Paulina:3:2,2001.0,2008.0,0,Hellegat,Paulina,0.9998638265312155
Paulina:929:628:1,Paulina:3:2,2008.0,2010.0,0,Hellegat,Paulina,0.8057700619866032
Paulina:929:628:1,Paulina:3:2,2010.0,2011.0,0,Hellegat,Paulina,0.5301487514929517
Paulina:929:628:1,Paulina:3:2,2011.0,2012.0,0,Hellegat,Paulina,0.5171880679052137
Paulina:933:629:1,Paulina:3:2,1996.0,1998.0,0,Hellegat,Paulina,0.999126737807706
Paulina:933:629:1,Paulina:3:2,1998.0,2001.0,0,Hellegat,Paulina,0.9965087665014007
Paulina:933:629:1,Paulina:3:2,2001.0,2008.0,0,Hellegat,Paulina,0.9998638265312155
Paulina:933:629:1,Paulina:3:2,2008.0,2010.0,0,Hellegat,Paulina,0.8057700619866032
Paulina:933:629:1,Paulina:3:2,2010.0,2011.0,0,Hellegat,Paulina,0.5301487514929517
Paulina:933:629:1,Paulina:3:2,2011.0,2012.0,0,Hellegat,Paulina,0.5171880679052137
Paulina:881:625:1,Paulina:3:2,1996.0,1998.0,1,Hellegat,Paulina,0.9807608860849852
Paulina:881:625:4,Paulina:3:2,2008.0,2010.0,0,Hellegat,Paulina,0.9807608860849852
Paulina:881:625:4,Paulina:3:2,2010.0,2011.0,0,Hellegat,Paulina,0.6527906726696971
Paulina:881:625:4,Paulina:3:2,2011.0,2012.0,0,Hellegat,Paulina,0.5927102036823524
Paulina:947:675:5,Paulina:3:2,2010.0,2011.0,0,Hellegat,Paulina,0.8975631402845777
Paulina:947:675:5,Paulina:3:2,2011.0,2012.0,0,Hellegat,Paulina,0.7848550017842122
Paulina:957:626:4,Paulina:3:2,2008.0,2010.0,0,Hellegat,Paulina,0.999850089303873
Paulina:957:626:4,Paulina:3:2,2010.0,2011.0,1,Hellegat,Paulina,0.9053586256127643
Paulina:907:640:1,Paulina:3:2,1996.0,1998.0,1,Hellegat,Paulina,0.9895066897716429
Paulina:901:638:1,Paulina:3:2,1996.0,1998.0,1,Hellegat,Paulina,0.9895066897716429
Paulina:901:638:4,Paulina:3:2,2008.0,2010.0,0,Hellegat,Paulina,0.9895066897716429
Paulina:901:638:4,Paulina:3:2,2010.0,2011.0,0,Hellegat,Paulina,0.7048109217561757
Paulina:901:638:4,Paulina:3:2,2011.0,2012.0,0,Hellegat,Paulina,0.6451477176962969
Paulina:860:590:4,Paulina:3:2,2008.0,2010.0,0,Hellegat,Paulina,0.9947305113540614
Paulina:860:590:4,Paulina:3:2,2010.0,2011.0,0,Hellegat,Paulina,0.7545265008729738
Paulina:860:590:4,Paulina:3:2,2011.0,2012.0,0,Hellegat,Paulina,0.6965856136328471
Paulina:860:598:1,Paulina:3:2,1996.0,1998.0,1,Hellegat,Paulina,0.9895066897716429
Paulina:860:598:4,Paulina:3:2,2008.0,2010.0,0,Hellegat,Paulina,0.9895066897716429
Paulina:860:598:4,Paulina:3:2,2010.0,2011.0,0,Hellegat,Paulina,0.7048109217561757
Paulina:860:598:4,Paulina:3:2,2011.0,2012.0,0,Hellegat,Paulina,0.6451477176962969
Paulina:877:683:4,Paulina:3:2,2008.0,2010.0,0,Hellegat,Paulina,0.8064280103103494
Paulina:877:683:4,Paulina:3:2,2010.0,2011.0,0,Hellegat,Paulina,0.35575296430859343
Paulina:877:683:4,Paulina:3:2,2011.0,2012.0,0,Hellegat,Paulina,0.3115678010342307
Paulina:849:654:5,Paulina:3:2,2010.0,2011.0,0,Hellegat,Paulina,0.5600318310495058
Paulina:849:654:5,Paulina:3:2,2011.0,2012.0,0,Hellegat,Paulina,0.4251534053375831
Paulina:846:582:1,Paulina:3:2,1996.0,1998.0,1,Hellegat,Paulina,0.9947305113540614
Paulina:846:582:4,Paulina:3:2,2008.0,2010.0,0,Hellegat,Paulina,0.9947305113540614
Paulina:846:582:4,Paulina:3:2,2010.0,2011.0,0,Hellegat,Paulina,0.7545265008729738
Paulina:846:582:4,Paulina:3:2,2011.0,2012.0,0,Hellegat,Paulina,0.6965856136328471
Paulina:902:653:5,Paulina:3:2,2010.0,2011.0,0,Hellegat,Paulina,0.8133320100848749
Paulina:902:653:5,Paulina:3:2,2011.0,2012.0,0,Hellegat,Paulina,0.6775457466051509
Paulina:901:687:5,Paulina:3:2,2010.0,2011.0,0,Hellegat,Paulina,0.7050698537721913
Paulina:901:687:5,Paulina:3:2,2011.0,2012.0,0,Hellegat,Paulina,0.5610437493292483
Paulina:906:606:1,Paulina:3:2,1996.0,1998.0,0,Hellegat,Paulina,0.999126737807706
Paulina:906:606:1,Paulina:3:2,1998.0,2001.0,0,Hellegat,Paulina,0.9965087665014007
Paulina:906:606:1,Paulina:3:2,2001.0,2008.0,0,Hellegat,Paulina,0.9998638265312155
Paulina:906:606:1,Paulina:3:2,2008.0,2010.0,0,Hellegat,Paulina,0.8057700619866032
Paulina:906:606:1,Paulina:3:2,2010.0,2011.0,0,Hellegat,Paulina,0.5301487514929517
Paulina:906:606:1,Paulina:3:2,2011.0,2012.0,0,Hellegat,Paulina,0.5171880679052137
Paulina:845:629:1,Paulina:3:2,1996.0,1998.0,1,Hellegat,Paulina,0.9130162088460434
Paulina:845:629:4,Paulina:3:2,2008.0,2010.0,0,Hellegat,Paulina,0.9130162088460434
Paulina:845:629:4,Paulina:3:2,2010.0,2011.0,1,Hellegat,Paulina,0.47996194211416304
Paulina:847:643:2,Paulina:3:2,1998.0,2001.0,1,Hellegat,Paulina,0.952167736008375
Paulina:840:602:1,Paulina:3:2,1996.0,1998.0,1,Hellegat,Paulina,0.9651550615410468
Paulina:840:602:5,Paulina:3:2,2010.0,2011.0,1,Hellegat,Paulina,0.8133320100848749
Paulina:895:632:3,Paulina:3:2,2001.0,2008.0,0,Hellegat,Paulina,0.999999881643042
Paulina:895:632:3,Paulina:3:2,2008.0,2010.0,0,Hellegat,Paulina,0.7527270815008358
Paulina:895:632:3,Paulina:3:2,2010.0,2011.0,0,Hellegat,Paulina,0.45957351177139766
Paulina:895:632:3,Paulina:3:2,2011.0,2012.0,0,Hellegat,Paulina,0.4417451070189088
Paulina:869:692:5,Paulina:3:2,2010.0,2011.0,1,Hellegat,Paulina,0.49442840263642174
Paulina:920:673:4,Paulina:3:2,2008.0,2010.0,0,Hellegat,Paulina,0.9651550615410468
Paulina:920:673:4,Paulina:3:2,2010.0,2011.0,0,Hellegat,Paulina,0.5929398277299538
Paulina:920:673:4,Paulina:3:2,2011.0,2012.0,0,Hellegat,Paulina,0.5338234643025133
Paulina:957:833:1,Paulina:3:3,1996.0,1998.0,0,Hellegat,Paulina,0.4639970927743979
Paulina:957:833:1,Paulina:3:3,1998.0,2001.0,0,Hellegat,Paulina,0.39402612176186486
Paulina:957:833:1,Paulina:3:3,2001.0,2008.0,0,Hellegat,Paulina,0.5453153721950716
Paulina:957:833:1,Paulina:3:3,2008.0,2010.0,0,Hellegat,Paulina,0.1350577844410358
Paulina:957:833:1,Paulina:3:3,2010.0,2011.0,0,Hellegat,Paulina,0.06469085825360328
Paulina:957:833:1,Paulina:3:3,2011.0,2012.0,0,Hellegat,Paulina,0.062434717547178706
Paulina:1117:676:1,Paulina:4:2,1996.0,1998.0,0,Hellegat,Paulina,0.9999998704580043
Paulina:1117:676:1,Paulina:4:2,1998.0,2001.0,1,Hellegat,Paulina,0.9999970653668432
Paulina:1117:676:4,Paulina:4:2,2008.0,2010.0,0,Hellegat,Paulina,0.9999998704580043
Paulina:1117:676:4,Paulina:4:2,2010.0,2011.0,0,Hellegat,Paulina,0.9856830247771042
Paulina:1117:676:4,Paulina:4:2,2011.0,2012.0,0,Hellegat,Paulina,0.9728304351542513
Paulina:1096:641:2,Paulina:4:2,1998.0,2001.0,0,Hellegat,Paulina,0.9999999999907033
Paulina:1096:641:2,Paulina:4:2,2001.0,2008.0,0,Hellegat,Paulina,0.9999999999980249
Paulina:1096:641:2,Paulina:4:2,2008.0,2010.0,0,Hellegat,Paulina,0.9868653396280742
Paulina:1096:641:2,Paulina:4:2,2010.0,2011.0,0,Hellegat,Paulina,0.8605416821306677
Paulina:1096:641:2,Paulina:4:2,2011.0,2012.0,0,Hellegat,Paulina,0.8487343579996143
Paulina:1112:606:4,Paulina:4:2,2008.0,2010.0,0,Hellegat,Paulina,0.9999999982269122
Paulina:1112:606:4,Paulina:4:2,2010.0,2011.0,0,Hellegat,Paulina,0.9954621330051902
Paulina:1112:606:4,Paulina:4:2,2011.0,2012.0,0,Hellegat,Paulina,0.9897583837865568
Paulina:1111:609:4,Paulina:4:2,2008.0,2010.0,0,Hellegat,Paulina,0.9999999982269122
Paulina:1111:609:4,Paulina:4:2,2010.0,2011.0,0,Hellegat,Paulina,0.9954621330051902
Paulina:1111:609:4,Paulina:4:2,2011.0,2012.0,0,Hellegat,Paulina,0.9897583837865568
Paulina:1114:586:1,Paulina:4:2,1996.0,1998.0,0,Hellegat,Paulina,0.9999999992749194
Paulina:1114:586:1,Paulina:4:2,1998.0,2001.0,0,Hellegat,Paulina,0.9999999544363449
Paulina:1114:586:1,Paulina:4:2,2001.0,2008.0,0,Hellegat,Paulina,0.9999999999971882
Paulina:1114:586:1,Paulina:4:2,2008.0,2010.0,0,Hellegat,Paulina,0.9925261227576827
Paulina:1114:586:1,Paulina:4:2,2010.0,2011.0,0,Hellegat,Paulina,0.8953247480792582
Paulina:1114:586:1,Paulina:4:2,2011.0,2012.0,0,Hellegat,Paulina,0.8864586428113908
Paulina:1100:604:4,Paulina:4:2,2008.0,2010.0,0,Hellegat,Paulina,0.9999999982269122
Paulina:1100:604:4,Paulina:4:2,2010.0,2011.0,0,Hellegat,Paulina,0.9954621330051902
Paulina:1100:604:4,Paulina:4:2,2011.0,2012.0,0,Hellegat,Paulina,0.9897583837865568
Paulina:1119:614:4,Paulina:4:2,2008.0,2010.0,0,Hellegat,Paulina,0.9999999982269122
Paulina:1119:614:4,Paulina:4:2,2010.0,2011.0,0,Hellegat,Paulina,0.9954621330051902
Paulina:1119:614:4,Paulina:4:2,2011.0,2012.0,0,Hellegat,Paulina,0.9897583837865568
Paulina:1091:629:4,Paulina:4:2,2008.0,2010.0,0,Hellegat,Paulina,0.9999999824555811
Paulina:1091:629:4,Paulina:4:2,2010.0,2011.0,0,Hellegat,Paulina,0.9916175306385853
Paulina:1091:629:4,Paulina:4:2,2011.0,2012.0,0,Hellegat,Paulina,0.9827544072074696
Paulina:1098:854:4,Paulina:4:3,2008.0,2010.0,0,Hellegat,Paulina,0.944424982600275
Paulina:1098:854:4,Paulina:4:3,2010.0,2011.0,0,Hellegat,Paulina,0.5387438991400431
Paulina:1098:854:4,Paulina:4:3,2011.0,2012.0,0,Hellegat,Paulina,0.48162502178809924
Paulina:1089:936:1,Paulina:4:3,1996.0,1998.0,1,Hellegat,Paulina,0.6842907882552248
Paulina:1110:880:1,Paulina:4:3,1996.0,1998.0,0,Hellegat,Paulina,0.9130162088460434
Paulina:1110:880:1,Paulina:4:3,1998.0,2001.0,0,Hellegat,Paulina,0.8593611251834458
Paulina:1110:880:1,Paulina:4:3,2001.0,2008.0,0,Hellegat,Paulina,0.9543313223281806
Paulina:1110:880:1,Paulina:4:3,2008.0,2010.0,0,Hellegat,Paulina,0.4334397951955359
Paulina:1110:880:1,Paulina:4:3,2010.0,2011.0,0,Hellegat,Paulina,0.23040435022412095
Paulina:1110:880:1,Paulina:4:3,2011.0,2012.0,0,Hellegat,Paulina,0.22310918363942372
Paulina:1099:914:4,Paulina:4:3,2008.0,2010.0,0,Hellegat,Paulina,0.7443973599392397
Paulina:1099:914:4,Paulina:4:3,2010.0,2011.0,1,Hellegat,Paulina,0.3059737359640473
Paulina:1097:865:1,Paulina:4:3,1996.0,1998.0,1,Hellegat,Paulina,0.9130162088460434
Paulina:1097:865:4,Paulina:4:3,2008.0,2010.0,0,Hellegat,Paulina,0.9130162088460434
Paulina:1097:865:4,Paulina:4:3,2010.0,2011.0,0,Hellegat,Paulina,0.47996194211416304
Paulina:1097:865:4,Paulina:4:3,2011.0,2012.0,0,Hellegat,Paulina,0.4260452818450635
Paulina:1091:917:5,Paulina:4:3,2010.0,2011.0,0,Hellegat,Paulina,0.49442840263642174
Paulina:1091:917:5,Paulina:4:3,2011.0,2012.0,0,Hellegat,Paulina,0.36867229892244907
Paulina:1120:870:4,Paulina:4:3,2008.0,2010.0,0,Hellegat,Paulina,0.9651550615410468
Paulina:1120:870:4,Paulina:4:3,2010.0,2011.0,0,Hellegat,Paulina,0.5929398277299538
Paulina:1120:870:4,Paulina:4:3,2011.0,2012.0,0,Hellegat,Paulina,0.5338234643025133
Paulina:1094:936:5,Paulina:4:3,2010.0,2011.0,0,Hellegat,Paulina,0.43811993117323056
Paulina:1094:936:5,Paulina:4:3,2011.0,2012.0,0,Hellegat,Paulina,0.3220779039095062
Paulina:1111:874:4,Paulina:4:3,2008.0,2010.0,0,Hellegat,Paulina,0.944424982600275
Paulina:1111:874:4,Paulina:4:3,2010.0,2011.0,0,Hellegat,Paulina,0.5387438991400431
Paulina:1111:874:4,Paulina:4:3,2011.0,2012.0,0,Hellegat,Paulina,0.48162502178809924
Paulina:1115:927:1,Paulina:4:3,1996.0,1998.0,0,Hellegat,Paulina,0.8064280103103494
Paulina:1115:927:1,Paulina:4:3,1998.0,2001.0,1,Hellegat,Paulina,0.7326025342979361
Paulina:1115:927:4,Paulina:4:3,2008.0,2010.0,0,Hellegat,Paulina,0.8064280103103494
Paulina:1115:927:4,Paulina:4:3,2010.0,2011.0,0,Hellegat,Paulina,0.35575296430859343
Paulina:1115:927:4,Paulina:4:3,2011.0,2012.0,0,Hellegat,Paulina,0.3115678010342307
Paulina:1121:945:1,Paulina:4:3,1996.0,1998.0,1,Hellegat,Paulina,0.7443973599392397
Paulina:1121:945:5,Paulina:4:3,2010.0,2011.0,0,Hellegat,Paulina,0.49442840263642174
Paulina:1121:945:5,Paulina:4:3,2011.0,2012.0,0,Hellegat,Paulina,0.36867229892244907
Paulina:1094:938:5,Paulina:4:3,2010.0,2011.0,0,Hellegat,Paulina,0.43811993117323056
Paulina:1094:938:5,Paulina:4:3,2011.0,2012.0,0,Hellegat,Paulina,0.3220779039095062
Paulina:1108:877:1,Paulina:4:3,1996.0,1998.0,0,Hellegat,Paulina,0.9130162088460434
Paulina:1108:877:1,Paulina:4:3,1998.0,2001.0,1,Hellegat,Paulina,0.8593611251834458
Paulina:1108:877:4,Paulina:4:3,2008.0,2010.0,0,Hellegat,Paulina,0.9130162088460434
Paulina:1108:877:4,Paulina:4:3,2010.0,2011.0,0,Hellegat,Paulina,0.47996194211416304
Paulina:1108:877:4,Paulina:4:3,2011.0,2012.0,0,Hellegat,Paulina,0.4260452818450635
Paulina:1101:840:5,Paulina:4:3,2010.0,2011.0,0,Hellegat,Paulina,0.8133320100848749
Paulina:1101:840:5,Paulina:4:3,2011.0,2012.0,0,Hellegat,Paulina,0.6775457466051509
Paulina:1116:913:4,Paulina:4:3,2008.0,2010.0,0,Hellegat,Paulina,0.8682307851394355
Paulina:1116:913:4,Paulina:4:3,2010.0,2011.0,0,Hellegat,Paulina,0.4187932973042846
Paulina:1116:913:4,Paulina:4:3,2011.0,2012.0,0,Hellegat,Paulina,0.3692073070932916
Paulina:1110:930:4,Paulina:4:3,2008.0,2010.0,0,Hellegat,Paulina,0.7443973599392397
Paulina:1110:930:4,Paulina:4:3,2010.0,2011.0,0,Hellegat,Paulina,0.3059737359640473
Paulina:1110:930:4,Paulina:4:3,2011.0,2012.0,0,Hellegat,Paulina,0.26665569049445526
Paulina:1089:871:1,Paulina:4:3,1996.0,1998.0,0,Hellegat,Paulina,0.8682307851394355
Paulina:1089:871:1,Paulina:4:3,1998.0,2001.0,1,Hellegat,Paulina,0.8036676602137377
Paulina:1089:871:4,Paulina:4:3,2008.0,2010.0,0,Hellegat,Paulina,0.8682307851394355
Paulina:1089:871:4,Paulina:4:3,2010.0,2011.0,0,Hellegat,Paulina,0.4187932973042846
Paulina:1089:871:4,Paulina:4:3,2011.0,2012.0,0,Hellegat,Paulina,0.3692073070932916
Paulina:1114:906:4,Paulina:4:3,2008.0,2010.0,0,Hellegat,Paulina,0.8682307851394355
Paulina:1114:906:4,Paulina:4:3,2010.0,2011.0,0,Hellegat,Paulina,0.4187932973042846
Paulina:1114:906:4,Paulina:4:3,2011.0,2012.0,0,Hellegat,Paulina,0.3692073070932916
Paulina:1105:911:1,Paulina:4:3,1996.0,1998.0,1,Hellegat,Paulina,0.8064280103103494
Paulina:1105:911:4,Paulina:4:3,2008.0,2010.0,0,Hellegat,Paulina,0.8064280103103494
Paulina:1105:911:4,Paulina:4:3,2010.0,2011.0,0,Hellegat,Paulina,0.35575296430859343
Paulina:1105:911:4,Paulina:4:3,2011.0,2012.0,0,Hellegat,Paulina,0.3115678010342309
Hellegat:165:158:7,Hellegat:0:0,2008.0,2010.0,0,Paulina,Hellegat,0.00535860170662455
Hellegat:165:158:7,Hellegat:0:0,2010.0,2011.0,1,Paulina,Hellegat,0.0004779399884295137
Hellegat:167:159:7,Hellegat:0:0,2008.0,2010.0,0,Paulina,Hellegat,0.006256398299587421
Hellegat:167:159:7,Hellegat:0:0,2010.0,2011.0,1,Paulina,Hellegat,0.0005582448650821021
Hellegat:178:401:2,Hellegat:0:1,1993.0,1996.0,0,Paulina,Hellegat,0.19599611416703958
Hellegat:178:401:2,Hellegat:0:1,1996.0,1998.0,0,Paulina,Hellegat,0.01633299804978759
Hellegat:178:401:2,Hellegat:0:1,1998.0,2001.0,0,Paulina,Hellegat,0.01297773571853631
Hellegat:178:401:2,Hellegat:0:1,2001.0,2004.0,0,Paulina,Hellegat,0.006883944836437024
Hellegat:178:401:2,Hellegat:0:1,2004.0,2008.0,0,Paulina,Hellegat,0.005843652630662212
Hellegat:178:401:2,Hellegat:0:1,2008.0,2010.0,0,Paulina,Hellegat,0.0018629566612914819
Hellegat:178:401:2,Hellegat:0:1,2010.0,2011.0,0,Paulina,Hellegat,0.0007745194851588284
Hellegat:178:401:2,Hellegat:0:1,2011.0,2012.0,0,Paulina,Hellegat,0.0007114587372643877
Hellegat:106:397:1,Hellegat:0:1,1982.0,1993.0,1,Paulina,Hellegat,0.06089801167848333
Hellegat:106:397:3,Hellegat:0:1,1996.0,1998.0,1,Paulina,Hellegat,0.011358848634383295
Hellegat:165:436:2,Hellegat:0:1,1993.0,1996.0,0,Paulina,Hellegat,0.19599611416703958
Hellegat:165:436:2,Hellegat:0:1,1996.0,1998.0,0,Paulina,Hellegat,0.01633299804978759
Hellegat:165:436:2,Hellegat:0:1,1998.0,2001.0,0,Paulina,Hellegat,0.01297773571853631
Hellegat:165:436:2,Hellegat:0:1,2001.0,2004.0,0,Paulina,Hellegat,0.006883944836437024
Hellegat:165:436:2,Hellegat:0:1,2004.0,2008.0,0,Paulina,Hellegat,0.005843652630662212
Hellegat:165:436:2,Hellegat:0:1,2008.0,2010.0,0,Paulina,Hellegat,0.0018629566612914819
Hellegat:165:436:2,Hellegat:0:1,2010.0,2011.0,0,Paulina,Hellegat,0.0007745194851588284
Hellegat:165:436:2,Hellegat:0:1,2011.0,2012.0,0,Paulina,Hellegat,0.0007114587372643877
Hellegat:124:435:7,Hellegat:0:1,2008.0,2010.0,0,Paulina,Hellegat,0.03163187084608224
Hellegat:124:435:7,Hellegat:0:1,2010.0,2011.0,0,Paulina,Hellegat,0.0028557787543906487
Hellegat:124:435:7,Hellegat:0:1,2011.0,2012.0,0,Paulina,Hellegat,0.0018181574380305432
Hellegat:145:333:4,Hellegat:0:1,1998.0,2001.0,1,Paulina,Hellegat,0.0313126628188398
Hellegat:145:333:7,Hellegat:0:1,2008.0,2010.0,0,Paulina,Hellegat,0.02098559549458398
Hellegat:145:333:7,Hellegat:0:1,2010.0,2011.0,1,Paulina,Hellegat,0.0018852476203005018
Hellegat:153:390:4,Hellegat:0:1,1998.0,2001.0,0,Paulina,Hellegat,0.07492599466637191
Hellegat:153:390:4,Hellegat:0:1,2001.0,2004.0,0,Paulina,Hellegat,0.008779941520869403
Hellegat:153:390:4,Hellegat:0:1,2004.0,2008.0,0,Paulina,Hellegat,0.004868485231279033
Hellegat:153:390:4,Hellegat:0:1,2008.0,2010.0,0,Paulina,Hellegat,0.0011987287264796514
Hellegat:153:390:4,Hellegat:0:1,2010.0,2011.0,0,Paulina,Hellegat,0.0004611591409987321
Hellegat:153:390:4,Hellegat:0:1,2011.0,2012.0,0,Paulina,Hellegat,0.0004104775131650835
Hellegat:139:366:4,Hellegat:0:1,1998.0,2001.0,0,Paulina,Hellegat,0.03603092479730409
Hellegat:139:366:4,Hellegat:0:1,2001.0,2004.0,0,Paulina,Hellegat,0.004146562040698826
Hellegat:139:366:4,Hellegat:0:1,2004.0,2008.0,1,Paulina,Hellegat,0.002296883207753074
Hellegat:139:366:8,Hellegat:0:1,2010.0,2011.0,0,Paulina,Hellegat,0.012157514442065108
Hellegat:139:366:8,Hellegat:0:1,2011.0,2012.0,0,Paulina,Hellegat,0.004107618236848784
Hellegat:96:329:8,Hellegat:0:1,2010.0,2011.0,0,Paulina,Hellegat,0.001670732716393646
Hellegat:96:329:8,Hellegat:0:1,2011.0,2012.0,0,Paulina,Hellegat,0.0005625137895157972
Hellegat:118:348:4,Hellegat:0:1,1998.0,2001.0,0,Paulina,Hellegat,0.014864705750855214
Hellegat:118:348:4,Hellegat:0:1,2001.0,2004.0,0,Paulina,Hellegat,0.001694364262759003
Hellegat:118:348:4,Hellegat:0:1,2004.0,2008.0,0,Paulina,Hellegat,0.0009380353576693161
Hellegat:118:348:4,Hellegat:0:1,2008.0,2010.0,0,Paulina,Hellegat,0.0002306221699749452
Hellegat:118:348:4,Hellegat:0:1,2010.0,2011.0,0,Paulina,Hellegat,8.869548520229469e-05
Hellegat:118:348:4,Hellegat:0:1,2011.0,2012.0,0,Paulina,Hellegat,7.894618911556331e-05
Hellegat:141:336:4,Hellegat:0:1,1998.0,2001.0,0,Paulina,Hellegat,0.027035434113789
Hellegat:141:336:4,Hellegat:0:1,2001.0,2004.0,0,Paulina,Hellegat,0.003098618905604807
Hellegat:141:336:4,Hellegat:0:1,2004.0,2008.0,0,Paulina,Hellegat,0.001715998930594357
Hellegat:141:336:4,Hellegat:0:1,2008.0,2010.0,0,Paulina,Hellegat,0.00042201356081994506
Hellegat:141:336:4,Hellegat:0:1,2010.0,2011.0,0,Paulina,Hellegat,0.0001623126806206899
Hellegat:141:336:4,Hellegat:0:1,2011.0,2012.0,0,Paulina,Hellegat,0.00014447205967982435
Hellegat:137:349:4,Hellegat:0:1,1998.0,2001.0,1,Paulina,Hellegat,0.027035434113789
Hellegat:137:349:6,Hellegat:0:1,2004.0,2008.0,0,Paulina,Hellegat,0.035883833011077615
Hellegat:137:349:6,Hellegat:0:1,2008.0,2010.0,0,Paulina,Hellegat,0.001455987228487774
Hellegat:137:349:6,Hellegat:0:1,2010.0,2011.0,0,Paulina,Hellegat,0.00042927607046798136
Hellegat:137:349:6,Hellegat:0:1,2011.0,2012.0,0,Paulina,Hellegat,0.00034804097506531786
Hellegat:100:345:4,Hellegat:0:1,1998.0,2001.0,0,Paulina,Hellegat,0.008027124944080512
Hellegat:100:345:4,Hellegat:0:1,2001.0,2004.0,0,Paulina,Hellegat,0.0009121818919619143
Hellegat:100:345:4,Hellegat:0:1,2004.0,2008.0,0,Paulina,Hellegat,0.0005049146207385575
Hellegat:100:345:4,Hellegat:0:1,2008.0,2010.0,0,Paulina,Hellegat,0.00012411629858284296
Hellegat:100:345:4,Hellegat:0:1,2010.0,2011.0,0,Paulina,Hellegat,4.773259435906388e-05
Hellegat:100:345:4,Hellegat:0:1,2011.0,2012.0,0,Paulina,Hellegat,4.248579201480702e-05
Hellegat:126:342:5,Hellegat:0:1,2001.0,2004.0,0,Paulina,Hellegat,0.01698979717095752
Hellegat:126:342:5,Hellegat:0:1,2004.0,2008.0,1,Paulina,Hellegat,0.002583756573988072
Hellegat:126:342:8,Hellegat:0:1,2010.0,2011.0,0,Paulina,Hellegat,0.00569564450032871
Hellegat:126:342:8,Hellegat:0:1,2011.0,2012.0,0,Paulina,Hellegat,0.0019202184332583686
Hellegat:134:375:5,Hellegat:0:1,2001.0,2004.0,0,Paulina,Hellegat,0.0313126628188398
Hellegat:134:375:5,Hellegat:0:1,2004.0,2008.0,0,Paulina,Hellegat,0.004791557524303381
Hellegat:134:375:5,Hellegat:0:1,2008.0,2010.0,0,Paulina,Hellegat,0.000807791211915888
Hellegat:134:375:5,Hellegat:0:1,2010.0,2011.0,0,Paulina,Hellegat,0.00028451560733613564
Hellegat:134:375:5,Hellegat:0:1,2011.0,2012.0,0,Paulina,Hellegat,0.0002449477780931159
Hellegat:165:400:8,Hellegat:0:1,2010.0,2011.0,1,Paulina,Hellegat,0.04652068937812874
Hellegat:175:367:8,Hellegat:0:1,2010.0,2011.0,0,Paulina,Hellegat,0.04652068937812874
Hellegat:175:367:8,Hellegat:0:1,2011.0,2012.0,1,Paulina,Hellegat,0.015902248494593735
Hellegat:107:356:1,Hellegat:0:1,1982.0,1993.0,0,Paulina,Hellegat,0.039171518496857155
Hellegat:107:356:1,Hellegat:0:1,1993.0,1996.0,0,Paulina,Hellegat,0.00021956322247337545
Hellegat:107:356:1,Hellegat:0:1,1996.0,1998.0,0,Paulina,Hellegat,0.00010309009011955261
Hellegat:107:356:1,Hellegat:0:1,1998.0,2001.0,0,Paulina,Hellegat,0.0001270251330213544
Hellegat:107:356:1,Hellegat:0:1,2001.0,2004.0,0,Paulina,Hellegat,9.83989285264451e-05
Hellegat:107:356:1,Hellegat:0:1,2004.0,2008.0,0,Paulina,Hellegat,0.00010532993727942853
Hellegat:107:356:1,Hellegat:0:1,2008.0,2010.0,0,Paulina,Hellegat,4.0936945578108634e-05
Hellegat:107:356:1,Hellegat:0:1,2010.0,2011.0,0,Paulina,Hellegat,1.829471387905758e-05
Hellegat:107:356:1,Hellegat:0:1,2011.0,2012.0,0,Paulina,Hellegat,1.7345661585521837e-05
Hellegat:121:345:4,Hellegat:0:1,1998.0,2001.0,0,Paulina,Hellegat,0.014864705750855214
Hellegat:121:345:4,Hellegat:0:1,2001.0,2004.0,0,Paulina,Hellegat,0.001694364262759003
Hellegat:121:345:4,Hellegat:0:1,2004.0,2008.0,0,Paulina,Hellegat,0.0009380353576693161
Hellegat:121:345:4,Hellegat:0:1,2008.0,2010.0,0,Paulina,Hellegat,0.0002306221699749452
Hellegat:121:345:4,Hellegat:0:1,2010.0,2011.0,0,Paulina,Hellegat,8.869548520229469e-05
Hellegat:121:345:4,Hellegat:0:1,2011.0,2012.0,0,Paulina,Hellegat,7.894618911556331e-05
Hellegat:142:386:3,Hellegat:0:1,1996.0,1998.0,1,Paulina,Hellegat,0.03163187084608224
Hellegat:142:386:5,Hellegat:0:1,2001.0,2004.0,0,Paulina,Hellegat,0.04707058857739038
Hellegat:142:386:5,Hellegat:0:1,2004.0,2008.0,1,Paulina,Hellegat,0.007252819603484246
Hellegat:142:386:8,Hellegat:0:1,2010.0,2011.0,0,Paulina,Hellegat,0.015943025453344112
Hellegat:142:386:8,Hellegat:0:1,2011.0,2012.0,0,Paulina,Hellegat,0.005393459892260088
Hellegat:110:373:2,Hellegat:0:1,1993.0,1996.0,0,Paulina,Hellegat,0.014864705750855214
Hellegat:110:373:2,Hellegat:0:1,1996.0,1998.0,0,Paulina,Hellegat,0.001129895401206581
Hellegat:110:373:2,Hellegat:0:1,1998.0,2001.0,0,Paulina,Hellegat,0.0008963640014143599
Hellegat:110:373:2,Hellegat:0:1,2001.0,2004.0,0,Paulina,Hellegat,0.00047411129632252765
Hellegat:110:373:2,Hellegat:0:1,2004.0,2008.0,0,Paulina,Hellegat,0.0004022683074417748
Hellegat:110:373:2,Hellegat:0:1,2008.0,2010.0,0,Paulina,Hellegat,0.00012800489082384902
Hellegat:110:373:2,Hellegat:0:1,2010.0,2011.0,0,Paulina,Hellegat,5.319071099255557e-05
Hellegat:110:373:2,Hellegat:0:1,2011.0,2012.0,0,Paulina,Hellegat,4.8858530805414494e-05
Hellegat:153:603:2,Hellegat:0:2,1993.0,1996.0,0,Paulina,Hellegat,0.43153319021602987
Hellegat:153:603:2,Hellegat:0:2,1996.0,1998.0,0,Paulina,Hellegat,0.04174053673070931
Hellegat:153:603:2,Hellegat:0:2,1998.0,2001.0,0,Paulina,Hellegat,0.03325490219055327
Hellegat:153:603:2,Hellegat:0:2,2001.0,2004.0,0,Paulina,Hellegat,0.017725777854705842
Hellegat:153:603:2,Hellegat:0:2,2004.0,2008.0,0,Paulina,Hellegat,0.01505955716473344
Hellegat:153:603:2,Hellegat:0:2,2008.0,2010.0,0,Paulina,Hellegat,0.00481621973087268
Hellegat:153:603:2,Hellegat:0:2,2010.0,2011.0,0,Paulina,Hellegat,0.002004064386358223
Hellegat:153:603:2,Hellegat:0:2,2011.0,2012.0,0,Paulina,Hellegat,0.001840987357475595
Hellegat:130:648:8,Hellegat:0:2,2010.0,2011.0,0,Paulina,Hellegat,0.1659350793618646
Hellegat:130:648:8,Hellegat:0:2,2011.0,2012.0,0,Paulina,Hellegat,0.05922940214118472
Hellegat:186:577:1,Hellegat:0:2,1982.0,1993.0,0,Paulina,Hellegat,0.8947572766866236
Hellegat:186:577:1,Hellegat:0:2,1993.0,1996.0,0,Paulina,Hellegat,0.012296288715930853
Hellegat:186:577:1,Hellegat:0:2,1996.0,1998.0,0,Paulina,Hellegat,0.005792008655941558
Hellegat:186:577:1,Hellegat:0:2,1998.0,2001.0,0,Paulina,Hellegat,0.007132053233774871
Hellegat:186:577:1,Hellegat:0:2,2001.0,2004.0,0,Paulina,Hellegat,0.005529157759771873
Hellegat:186:577:1,Hellegat:0:2,2004.0,2008.0,0,Paulina,Hellegat,0.005917485662084771
Hellegat:186:577:1,Hellegat:0:2,2008.0,2010.0,0,Paulina,Hellegat,0.0023039561401570637
Hellegat:186:577:1,Hellegat:0:2,2010.0,2011.0,0,Paulina,Hellegat,0.0010302827679566614
Hellegat:186:577:1,Hellegat:0:2,2011.0,2012.0,0,Paulina,Hellegat,0.0009768617107675955
Hellegat:178:676:2,Hellegat:0:2,1993.0,1996.0,0,Paulina,Hellegat,0.35039081092943025
Hellegat:178:676:2,Hellegat:0:2,1996.0,1998.0,0,Paulina,Hellegat,0.032039938947621645
Hellegat:178:676:2,Hellegat:0:2,1998.0,2001.0,0,Paulina,Hellegat,0.025500115848180235
Hellegat:178:676:2,Hellegat:0:2,2001.0,2004.0,0,Paulina,Hellegat,0.013566897131146326
Hellegat:178:676:2,Hellegat:0:2,2004.0,2008.0,0,Paulina,Hellegat,0.011522562076980025
Hellegat:178:676:2,Hellegat:0:2,2008.0,2010.0,0,Paulina,Hellegat,0.0036805605786925906
Hellegat:178:676:2,Hellegat:0:2,2010.0,2011.0,0,Paulina,Hellegat,0.0015309984213120542
Hellegat:178:676:2,Hellegat:0:2,2011.0,2012.0,0,Paulina,Hellegat,0.001406389132225566
Hellegat:185:663:5,Hellegat:0:2,2001.0,2004.0,0,Paulina,Hellegat,0.3233498041125537
Hellegat:185:663:5,Hellegat:0:2,2004.0,2008.0,0,Paulina,Hellegat,0.057266412237123594
Hellegat:185:663:5,Hellegat:0:2,2008.0,2010.0,0,Paulina,Hellegat,0.009872909125199218
Hellegat:185:663:5,Hellegat:0:2,2010.0,2011.0,0,Paulina,Hellegat,0.003487648766025526
Hellegat:185:663:5,Hellegat:0:2,2011.0,2012.0,0,Paulina,Hellegat,0.003003288269818827
Hellegat:162:637:2,Hellegat:0:2,1993.0,1996.0,0,Paulina,Hellegat,0.4621858833869123
Hellegat:162:637:2,Hellegat:0:2,1996.0,1998.0,0,Paulina,Hellegat,0.04574181356507418
Hellegat:162:637:2,Hellegat:0:2,1998.0,2001.0,0,Paulina,Hellegat,0.03645829824077458
Hellegat:162:637:2,Hellegat:0:2,2001.0,2004.0,0,Paulina,Hellegat,0.019448340444916896
Hellegat:162:637:2,Hellegat:0:2,2004.0,2008.0,0,Paulina,Hellegat,0.01652520588631824
Hellegat:162:637:2,Hellegat:0:2,2008.0,2010.0,0,Paulina,Hellegat,0.005287625439002997
Hellegat:162:637:2,Hellegat:0:2,2010.0,2011.0,0,Paulina,Hellegat,0.002200524067920427
Hellegat:162:637:2,Hellegat:0:2,2011.0,2012.0,0,Paulina,Hellegat,0.0020214766924086217
Hellegat:156:686:5,Hellegat:0:2,2001.0,2004.0,0,Paulina,Hellegat,0.4417357342296332
Hellegat:156:686:5,Hellegat:0:2,2004.0,2008.0,0,Paulina,Hellegat,0.08424613447816516
Hellegat:156:686:5,Hellegat:0:2,2008.0,2010.0,0,Paulina,Hellegat,0.01469820798653254
Hellegat:156:686:5,Hellegat:0:2,2010.0,2011.0,0,Paulina,Hellegat,0.005200407395607015
Hellegat:156:686:5,Hellegat:0:2,2011.0,2012.0,0,Paulina,Hellegat,0.004478716067010315
Hellegat:176:688:3,Hellegat:0:2,1996.0,1998.0,0,Paulina,Hellegat,0.22925720321079907
Hellegat:176:688:3,Hellegat:0:2,1998.0,2001.0,0,Paulina,Hellegat,0.06714551629210966
Hellegat:176:688:3,Hellegat:0:2,2001.0,2004.0,0,Paulina,Hellegat,0.02311740376221527
Hellegat:176:688:3,Hellegat:0:2,2004.0,2008.0,0,Paulina,Hellegat,0.01635591244270346
Hellegat:176:688:3,Hellegat:0:2,2008.0,2010.0,0,Paulina,Hellegat,0.004616101122624465
Hellegat:176:688:3,Hellegat:0:2,2010.0,2011.0,0,Paulina,Hellegat,0.0018458406369301669
Hellegat:176:688:3,Hellegat:0:2,2011.0,2012.0,0,Paulina,Hellegat,0.0016679797236157654
Hellegat:157:671:2,Hellegat:0:2,1993.0,1996.0,0,Paulina,Hellegat,0.45168402982917555
Hellegat:157:671:2,Hellegat:0:2,1996.0,1998.0,0,Paulina,Hellegat,0.04434772626701953
Hellegat:157:671:2,Hellegat:0:2,1998.0,2001.0,0,Paulina,Hellegat,0.03534188638310419
Hellegat:157:671:2,Hellegat:0:2,2001.0,2004.0,0,Paulina,Hellegat,0.018847706242562934
Hellegat:157:671:2,Hellegat:0:2,2004.0,2008.0,0,Paulina,Hellegat,0.01601410978637634
Hellegat:157:671:2,Hellegat:0:2,2008.0,2010.0,0,Paulina,Hellegat,0.0051231840628886425
Hellegat:157:671:2,Hellegat:0:2,2010.0,2011.0,0,Paulina,Hellegat,0.002131986473356014
Hellegat:157:671:2,Hellegat:0:2,2011.0,2012.0,0,Paulina,Hellegat,0.0019585102387212486
Hellegat:164:868:4,Hellegat:0:3,1998.0,2001.0,0,Paulina,Hellegat,0.03217529418481865
Hellegat:164:868:4,Hellegat:0:3,2001.0,2004.0,0,Paulina,Hellegat,0.0036963371930136715
Hellegat:164:868:4,Hellegat:0:3,2004.0,2008.0,0,Paulina,Hellegat,0.002047286106471659
Hellegat:164:868:4,Hellegat:0:3,2008.0,2010.0,0,Paulina,Hellegat,0.000503549619211771
Hellegat:164:868:4,Hellegat:0:3,2010.0,2011.0,0,Paulina,Hellegat,0.00019367752019962088
Hellegat:164:868:4,Hellegat:0:3,2011.0,2012.0,0,Paulina,Hellegat,0.00017238972575124573
Hellegat:141:886:2,Hellegat:0:3,1993.0,1996.0,0,Paulina,Hellegat,0.0932182912238471
Hellegat:141:886:2,Hellegat:0:3,1996.0,1998.0,0,Paulina,Hellegat,0.007359577147692736
Hellegat:141:886:2,Hellegat:0:3,1998.0,2001.0,0,Paulina,Hellegat,0.005842242538803078
Hellegat:141:886:2,Hellegat:0:3,2001.0,2004.0,0,Paulina,Hellegat,0.0030937327759643983
Hellegat:141:886:2,Hellegat:0:3,2004.0,2008.0,0,Paulina,Hellegat,0.0026254553413731087
Hellegat:141:886:2,Hellegat:0:3,2008.0,2010.0,0,Paulina,Hellegat,0.0008360744128746442
Hellegat:141:886:2,Hellegat:0:3,2010.0,2011.0,0,Paulina,Hellegat,0.0003474914028916958
Hellegat:141:886:2,Hellegat:0:3,2011.0,2012.0,0,Paulina,Hellegat,0.0003191933818414276
Hellegat:124:919:5,Hellegat:0:3,2001.0,2004.0,0,Paulina,Hellegat,0.11786948580931618
Hellegat:124:919:5,Hellegat:0:3,2004.0,2008.0,0,Paulina,Hellegat,0.01875662184374503
Hellegat:124:919:5,Hellegat:0:3,2008.0,2010.0,0,Paulina,Hellegat,0.0031807057682528596
Hellegat:124:919:5,Hellegat:0:3,2010.0,2011.0,0,Paulina,Hellegat,0.0011211528294257735
Hellegat:124:919:5,Hellegat:0:3,2011.0,2012.0,1,Paulina,Hellegat,0.0009652893340935669
Hellegat:144:852:2,Hellegat:0:3,1993.0,1996.0,0,Paulina,Hellegat,0.1428183191768704
Hellegat:144:852:2,Hellegat:0:3,1996.0,1998.0,0,Paulina,Hellegat,0.011565743431822957
Hellegat:144:852:2,Hellegat:0:3,1998.0,2001.0,0,Paulina,Hellegat,0.00918523766485337
Hellegat:144:852:2,Hellegat:0:3,2001.0,2004.0,0,Paulina,Hellegat,0.004867854452583661
Hellegat:144:852:2,Hellegat:0:3,2004.0,2008.0,0,Paulina,Hellegat,0.004131597172728082
Hellegat:144:852:2,Hellegat:0:3,2008.0,2010.0,0,Paulina,Hellegat,0.0013163817595368758
Hellegat:144:852:2,Hellegat:0:3,2010.0,2011.0,0,Paulina,Hellegat,0.0005471948452532148
Hellegat:144:852:2,Hellegat:0:3,2011.0,2012.0,0,Paulina,Hellegat,0.0005026380297168111
Hellegat:139:890:6,Hellegat:0:3,2004.0,2008.0,0,Paulina,Hellegat,0.12231838433606178
Hellegat:139:890:6,Hellegat:0:3,2008.0,2010.0,0,Paulina,Hellegat,0.005188598313118101
Hellegat:139:890:6,Hellegat:0:3,2010.0,2011.0,0,Paulina,Hellegat,0.0015318009555591457
Hellegat:139:890:6,Hellegat:0:3,2011.0,2012.0,0,Paulina,Hellegat,0.0012420565723416466
Hellegat:161:907:2,Hellegat:0:3,1993.0,1996.0,1,Paulina,Hellegat,0.013108540812820037
Hellegat:161:907:4,Hellegat:0:3,1998.0,2001.0,0,Paulina,Hellegat,0.013108540812820037
Hellegat:161:907:4,Hellegat:0:3,2001.0,2004.0,0,Paulina,Hellegat,0.0014930101161715727
Hellegat:161:907:4,Hellegat:0:3,2004.0,2008.0,0,Paulina,Hellegat,0.0008265243005899394
Hellegat:161:907:4,Hellegat:0:3,2008.0,2010.0,0,Paulina,Hellegat,0.00020319789111197827
Hellegat:161:907:4,Hellegat:0:3,2010.0,2011.0,0,Paulina,Hellegat,7.814766216464936e-05
Hellegat:161:907:4,Hellegat:0:3,2011.0,2012.0,0,Paulina,Hellegat,6.955772918235085e-05
Hellegat:145:878:4,Hellegat:0:3,1998.0,2001.0,1,Paulina,Hellegat,0.0737856733413733
Hellegat:145:878:6,Hellegat:0:3,2004.0,2008.0,0,Paulina,Hellegat,0.09715057493735192
Hellegat:145:878:6,Hellegat:0:3,2008.0,2010.0,0,Paulina,Hellegat,0.004066568784855864
Hellegat:145:878:6,Hellegat:0:3,2010.0,2011.0,0,Paulina,Hellegat,0.0012000737472661136
Hellegat:145:878:6,Hellegat:0:3,2011.0,2012.0,0,Paulina,Hellegat,0.0009730459055456157
Hellegat:157:873:4,Hellegat:0:3,1998.0,2001.0,1,Paulina,Hellegat,0.04363015085075166
Hellegat:157:873:6,Hellegat:0:3,2004.0,2008.0,0,Paulina,Hellegat,0.05774633668194362
Hellegat:157:873:6,Hellegat:0:3,2008.0,2010.0,0,Paulina,Hellegat,0.0023687845411421815
Hellegat:157:873:6,Hellegat:0:3,2010.0,2011.0,0,Paulina,Hellegat,0.0006986259067929226
Hellegat:157:873:6,Hellegat:0:3,2011.0,2012.0,0,Paulina,Hellegat,0.0005664341875827322
Hellegat:142:893:4,Hellegat:0:3,1998.0,2001.0,0,Paulina,Hellegat,0.0737856733413733
Hellegat:142:893:4,Hellegat:0:3,2001.0,2004.0,0,Paulina,Hellegat,0.008641663149360374
Hellegat:142:893:4,Hellegat:0:3,2004.0,2008.0,0,Paulina,Hellegat,0.0047916608382715135
Hellegat:142:893:4,Hellegat:0:3,2008.0,2010.0,0,Paulina,Hellegat,0.0011797785500209665
Hellegat:142:893:4,Hellegat:0:3,2010.0,2011.0,0,Paulina,Hellegat,0.00045386622942371666
Hellegat:142:893:4,Hellegat:0:3,2011.0,2012.0,0,Paulina,Hellegat,0.00040398593435938987
Hellegat:140:885:2,Hellegat:0:3,1993.0,1996.0,0,Paulina,Hellegat,0.0932182912238471
Hellegat:140:885:2,Hellegat:0:3,1996.0,1998.0,0,Paulina,Hellegat,0.007359577147692736
Hellegat:140:885:2,Hellegat:0:3,1998.0,2001.0,0,Paulina,Hellegat,0.005842242538803078
Hellegat:140:885:2,Hellegat:0:3,2001.0,2004.0,0,Paulina,Hellegat,0.0030937327759643983
Hellegat:140:885:2,Hellegat:0:3,2004.0,2008.0,0,Paulina,Hellegat,0.0026254553413731087
Hellegat:140:885:2,Hellegat:0:3,2008.0,2010.0,0,Paulina,Hellegat,0.0008360744128746442
Hellegat:140:885:2,Hellegat:0:3,2010.0,2011.0,0,Paulina,Hellegat,0.0003474914028916958
Hellegat:140:885:2,Hellegat:0:3,2011.0,2012.0,0,Paulina,Hellegat,0.0003191933818414276
Hellegat:328:117:8,Hellegat:1:0,2010.0,2011.0,0,Paulina,Hellegat,0.13393453752087417
Hellegat:328:117:8,Hellegat:1:0,2011.0,2012.0,0,Paulina,Hellegat,0.0472349782091804
Hellegat:388:151:8,Hellegat:1:0,2010.0,2011.0,1,Paulina,Hellegat,0.00043772778790673606
Hellegat:358:135:2,Hellegat:1:0,1993.0,1996.0,0,Paulina,Hellegat,0.05825320786323999
Hellegat:358:135:2,Hellegat:1:0,1996.0,1998.0,0,Paulina,Hellegat,0.004520469238572213
Hellegat:358:135:2,Hellegat:1:0,1998.0,2001.0,0,Paulina,Hellegat,0.0035874200112796704
Hellegat:358:135:2,Hellegat:1:0,2001.0,2004.0,0,Paulina,Hellegat,0.0018986893875818289
Hellegat:358:135:2,Hellegat:1:0,2004.0,2008.0,0,Paulina,Hellegat,0.0016111514311738695
Hellegat:358:135:2,Hellegat:1:0,2008.0,2010.0,0,Paulina,Hellegat,0.0005128923639722495
Hellegat:358:135:2,Hellegat:1:0,2010.0,2011.0,0,Paulina,Hellegat,0.00021314950398880017
Hellegat:358:135:2,Hellegat:1:0,2011.0,2012.0,0,Paulina,Hellegat,0.00019579056678450715
Hellegat:371:160:4,Hellegat:1:0,1998.0,2001.0,0,Paulina,Hellegat,0.007270993937431543
Hellegat:371:160:4,Hellegat:1:0,2001.0,2004.0,0,Paulina,Hellegat,0.0008259784052192396
Hellegat:371:160:4,Hellegat:1:0,2004.0,2008.0,0,Paulina,Hellegat,0.00045719011101080196
Hellegat:371:160:4,Hellegat:1:0,2008.0,2010.0,0,Paulina,Hellegat,0.00011238280759768912
Hellegat:371:160:4,Hellegat:1:0,2010.0,2011.0,0,Paulina,Hellegat,4.321997722366156e-05
Hellegat:371:160:4,Hellegat:1:0,2011.0,2012.0,0,Paulina,Hellegat,3.8469195576474314e-05
Hellegat:349:136:3,Hellegat:1:0,1996.0,1998.0,0,Paulina,Hellegat,0.08021025438541557
Hellegat:349:136:3,Hellegat:1:0,1998.0,2001.0,0,Paulina,Hellegat,0.022070021133505296
Hellegat:349:136:3,Hellegat:1:0,2001.0,2004.0,0,Paulina,Hellegat,0.00748161717236531
Hellegat:349:136:3,Hellegat:1:0,2004.0,2008.0,1,Paulina,Hellegat,0.005281031750918782
Hellegat:349:136:8,Hellegat:1:0,2010.0,2011.0,0,Paulina,Hellegat,0.04094330427519331
Hellegat:349:136:8,Hellegat:1:0,2011.0,2012.0,1,Paulina,Hellegat,0.013968936023657121
Hellegat:361:429:7,Hellegat:1:1,2008.0,2010.0,0,Paulina,Hellegat,9.024547928659036e-06
Hellegat:361:429:7,Hellegat:1:1,2010.0,2011.0,0,Paulina,Hellegat,8.029467114975209e-07
Hellegat:361:429:7,Hellegat:1:1,2011.0,2012.0,0,Paulina,Hellegat,5.109377127110564e-07
Hellegat:325:347:4,Hellegat:1:1,1998.0,2001.0,0,Paulina,Hellegat,0.013108540812820037
Hellegat:325:347:4,Hellegat:1:1,2001.0,2004.0,0,Paulina,Hellegat,0.0014930101161715727
Hellegat:325:347:4,Hellegat:1:1,2004.0,2008.0,0,Paulina,Hellegat,0.0008265243005899394
Hellegat:325:347:4,Hellegat:1:1,2008.0,2010.0,0,Paulina,Hellegat,0.00020319789111197827
Hellegat:325:347:4,Hellegat:1:1,2010.0,2011.0,0,Paulina,Hellegat,7.814766216464936e-05
Hellegat:325:347:4,Hellegat:1:1,2011.0,2012.0,0,Paulina,Hellegat,6.955772918235085e-05
Hellegat:382:443:7,Hellegat:1:1,2008.0,2010.0,0,Paulina,Hellegat,3.218998122574226e-07
Hellegat:382:443:7,Hellegat:1:1,2010.0,2011.0,0,Paulina,Hellegat,2.864047851613049e-08
Hellegat:382:443:7,Hellegat:1:1,2011.0,2012.0,0,Paulina,Hellegat,1.822474432498926e-08
Hellegat:325:424:5,Hellegat:1:1,2001.0,2004.0,0,Paulina,Hellegat,0.0018109238597240384
Hellegat:325:424:5,Hellegat:1:1,2004.0,2008.0,0,Paulina,Hellegat,0.0002736173863872388
Hellegat:325:424:5,Hellegat:1:1,2008.0,2010.0,0,Paulina,Hellegat,4.6041391834542306e-05
Hellegat:325:424:5,Hellegat:1:1,2010.0,2011.0,0,Paulina,Hellegat,1.6212433683124707e-05
Hellegat:325:424:5,Hellegat:1:1,2011.0,2012.0,0,Paulina,Hellegat,1.3957496181966654e-05
Hellegat:384:391:8,Hellegat:1:1,2010.0,2011.0,0,Paulina,Hellegat,6.02583418185324e-07
Hellegat:384:391:8,Hellegat:1:1,2011.0,2012.0,0,Paulina,Hellegat,2.0276948063513455e-07
Hellegat:404:623:2,Hellegat:1:2,1993.0,1996.0,0,Paulina,Hellegat,2.104873289844832e-11
Hellegat:404:623:2,Hellegat:1:2,1996.0,1998.0,0,Paulina,Hellegat,1.5889321359823546e-12
Hellegat:404:623:2,Hellegat:1:2,1998.0,2001.0,0,Paulina,Hellegat,1.2603778457327969e-12
Hellegat:404:623:2,Hellegat:1:2,2001.0,2004.0,0,Paulina,Hellegat,6.665073051434982e-13
Hellegat:404:623:2,Hellegat:1:2,2004.0,2008.0,0,Paulina,Hellegat,5.654898611128378e-13
Hellegat:404:623:2,Hellegat:1:2,2008.0,2010.0,0,Paulina,Hellegat,1.7991857359647424e-13
Hellegat:404:623:2,Hellegat:1:2,2010.0,2011.0,0,Paulina,Hellegat,9.357622968839737e-14
Hellegat:404:623:2,Hellegat:1:2,2011.0,2012.0,0,Paulina,Hellegat,9.357622968839737e-14
Hellegat:404:600:2,Hellegat:1:2,1993.0,1996.0,1,Paulina,Hellegat,5.321001675004338e-11
Hellegat:404:600:4,Hellegat:1:2,1998.0,2001.0,0,Paulina,Hellegat,5.321001675004338e-11
Hellegat:404:600:4,Hellegat:1:2,2001.0,2004.0,0,Paulina,Hellegat,6.025097043564194e-12
Hellegat:404:600:4,Hellegat:1:2,2004.0,2008.0,0,Paulina,Hellegat,3.3343566963757268e-12
Hellegat:404:600:4,Hellegat:1:2,2008.0,2010.0,0,Paulina,Hellegat,8.194835024508578e-13
Hellegat:404:600:4,Hellegat:1:2,2010.0,2011.0,0,Paulina,Hellegat,3.1514458664418394e-13
Hellegat:404:600:4,Hellegat:1:2,2011.0,2012.0,0,Paulina,Hellegat,2.8050292292112027e-13
Hellegat:416:638:4,Hellegat:1:2,1998.0,2001.0,1,Paulina,Hellegat,1.9342249712542268e-12
Hellegat:416:638:6,Hellegat:1:2,2004.0,2008.0,0,Paulina,Hellegat,2.578966628338135e-12
Hellegat:416:638:6,Hellegat:1:2,2008.0,2010.0,0,Paulina,Hellegat,1.0282759168151379e-13
Hellegat:416:638:6,Hellegat:1:2,2010.0,2011.0,0,Paulina,Hellegat,9.357622968839737e-14
Hellegat:416:638:6,Hellegat:1:2,2011.0,2012.0,0,Paulina,Hellegat,9.357622968839737e-14
Hellegat:430:680:1,Hellegat:1:2,1982.0,1993.0,0,Paulina,Hellegat,9.357622968839737e-14
Hellegat:430:680:1,Hellegat:1:2,1993.0,1996.0,1,Paulina,Hellegat,9.357622968839737e-14
Hellegat:430:680:4,Hellegat:1:2,1998.0,2001.0,0,Paulina,Hellegat,9.357622968839737e-14
Hellegat:430:680:4,Hellegat:1:2,2001.0,2004.0,0,Paulina,Hellegat,9.357622968839737e-14
Hellegat:430:680:4,Hellegat:1:2,2004.0,2008.0,0,Paulina,Hellegat,9.357622968839737e-14
Hellegat:430:680:4,Hellegat:1:2,2008.0,2010.0,0,Paulina,Hellegat,9.357622968839737e-14
Hellegat:430:680:4,Hellegat:1:2,2010.0,2011.0,0,Paulina,Hellegat,9.357622968839737e-14
Hellegat:430:680:4,Hellegat:1:2,2011.0,2012.0,0,Paulina,Hellegat,9.357622968839737e-14
Hellegat:430:853:7,Hellegat:1:3,2008.0,2010.0,0,Paulina,Hellegat,9.357622968839737e-14
Hellegat:430:853:7,Hellegat:1:3,2010.0,2011.0,0,Paulina,Hellegat,9.357622968839737e-14
Hellegat:430:853:7,Hellegat:1:3,2011.0,2012.0,0,Paulina,Hellegat,9.357622968839737e-14
Hellegat:376:845:1,Hellegat:1:3,1982.0,1993.0,0,Paulina,Hellegat,1.719188548153106e-12
Hellegat:376:845:1,Hellegat:1:3,1993.0,1996.0,0,Paulina,Hellegat,9.357622968839737e-14
Hellegat:376:845:1,Hellegat:1:3,1996.0,1998.0,0,Paulina,Hellegat,9.357622968839737e-14
Hellegat:376:845:1,Hellegat:1:3,1998.0,2001.0,0,Paulina,Hellegat,9.357622968839737e-14
Hellegat:376:845:1,Hellegat:1:3,2001.0,2004.0,0,Paulina,Hellegat,9.357622968839737e-14
Hellegat:376:845:1,Hellegat:1:3,2004.0,2008.0,0,Paulina,Hellegat,9.357622968839737e-14
Hellegat:376:845:1,Hellegat:1:3,2008.0,2010.0,0,Paulina,Hellegat,9.357622968839737e-14
Hellegat:376:845:1,Hellegat:1:3,2010.0,2011.0,0,Paulina,Hellegat,9.357622968839737e-14
Hellegat:376:845:1,Hellegat:1:3,2011.0,2012.0,0,Paulina,Hellegat,9.357622968839737e-14
Hellegat:368:842:7,Hellegat:1:3,2008.0,2010.0,0,Paulina,Hellegat,1.289483314169901e-12
Hellegat:368:842:7,Hellegat:1:3,2010.0,2011.0,0,Paulina,Hellegat,1.1472952867595158e-13
Hellegat:368:842:7,Hellegat:1:3,2011.0,2012.0,0,Paulina,Hellegat,9.357622968839737e-14
